log_file,profile_stage,label,H,W,K,seed,graded,table_stage,correct,time_ms,gflops,speedup,raw_instructions,raw_l1d_loads,raw_l1d_misses,raw_mpki,isolated_instructions,isolated_l1d_loads,isolated_l1d_misses,isolated_mpki,raw_elapsed_s,isolated_elapsed_s,isolation_note
profile_naive_n8combo_20260906_121645.log,naive,n8combo,512,512,3,1234,not graded,naive (ref),yes,1.022,4.62,1.00,278490924,56783492,549211,1.972097,278490924,56783492,549211,1.972097,0.014643,0.014643,baseline (dedicated naive run)
profile_naive_n8combo_20260906_121645.log,naive,n8combo,512,512,5,1234,not graded,naive (ref),yes,3.050,4.30,1.00,601553639,149091692,560303,0.931426,601553639,149091692,560303,0.931426,0.036723,0.036723,baseline (dedicated naive run)
profile_naive_n8combo_20260906_121645.log,naive,n8combo,1024,1024,3,1234,not graded,naive (ref),yes,4.447,4.24,1.00,1087588944,220339456,2140651,1.968254,1087588944,220339456,2140651,1.968254,0.056068,0.056068,baseline (dedicated naive run)
profile_naive_n8combo_20260906_121645.log,naive,n8combo,1024,1024,5,1234,not graded,naive (ref),yes,13.726,3.82,1.00,2380191527,589660167,2223300,0.934084,2380191527,589660167,2223300,0.934084,0.157320,0.157320,baseline (dedicated naive run)
profile_naive_n8combo_20260906_121645.log,naive,n8combo,2048,2048,3,1234,not graded,naive (ref),yes,22.286,3.39,1.00,4316227905,872280611,8641767,2.002157,4316227905,872280611,8641767,2.002157,0.263616,0.263616,baseline (dedicated naive run)
profile_naive_n8combo_20260906_121645.log,naive,n8combo,2048,2048,5,1234,not graded,naive (ref),yes,54.945,3.82,1.00,9486414542,2349447435,13492458,1.422293,9486414542,2349447435,13492458,1.422293,0.650540,0.650540,baseline (dedicated naive run)
profile_naive_n8combo_20260906_121645.log,naive,n8combo,4096,4096,3,1234,not graded,naive (ref),yes,87.020,3.47,1.00,17227392632,3479485120,56241129,3.264634,17227392632,3479485120,56241129,3.264634,1.022770,1.022770,baseline (dedicated naive run)
profile_naive_n8combo_20260906_121645.log,naive,n8combo,4096,4096,5,1234,not graded,naive (ref),yes,218.428,3.84,1.00,37905679948,9387518813,79867109,2.106996,37905679948,9387518813,79867109,2.106996,2.496753,2.496753,baseline (dedicated naive run)
profile_optimized_tileSize16SIMDbits128_20260906_145838.log,optimized,tileSize16SIMDbits128,512,512,3,1234,not graded,naive (ref),yes,0.998,4.73,1.00,304505455,66258785,970008,3.185519,278490924,56783492,549211,1.972097,0.016550,0.014643,substituted from dedicated naive baseline log
profile_optimized_tileSize16SIMDbits128_20260906_145838.log,optimized,tileSize16SIMDbits128,512,512,3,1234,not graded,optimized,yes,0.137,34.50,7.30,304505455,66258785,970008,3.185519,26014531,9475293,420797,16.175460,0.016550,0.001907,isolated (naive baseline subtracted)
profile_optimized_tileSize16SIMDbits128_20260906_145838.log,optimized,tileSize16SIMDbits128,512,512,5,1234,not graded,naive (ref),yes,3.186,4.11,1.00,654908843,171705794,1027416,1.568792,601553639,149091692,560303,0.931426,0.041743,0.036723,substituted from dedicated naive baseline log
profile_optimized_tileSize16SIMDbits128_20260906_145838.log,optimized,tileSize16SIMDbits128,512,512,5,1234,not graded,optimized,yes,0.340,38.50,9.36,654908843,171705794,1027416,1.568792,53355204,22614102,467113,8.754779,0.041743,0.005020,isolated (naive baseline subtracted)
profile_optimized_tileSize16SIMDbits128_20260906_145838.log,optimized,tileSize16SIMDbits128,1024,1024,3,1234,not graded,naive (ref),yes,4.863,3.88,1.00,1192609240,258452786,5689128,4.770320,1087588944,220339456,2140651,1.968254,0.070474,0.056068,substituted from dedicated naive baseline log
profile_optimized_tileSize16SIMDbits128_20260906_145838.log,optimized,tileSize16SIMDbits128,1024,1024,3,1234,not graded,optimized,yes,0.710,26.60,6.85,1192609240,258452786,5689128,4.770320,105020296,38113330,3548477,33.788488,0.070474,0.014406,isolated (naive baseline subtracted)
profile_optimized_tileSize16SIMDbits128_20260906_145838.log,optimized,tileSize16SIMDbits128,1024,1024,5,1234,not graded,naive (ref),yes,13.873,3.78,1.00,2593923697,680181421,5399356,2.081540,2380191527,589660167,2223300,0.934084,0.178092,0.157320,substituted from dedicated naive baseline log
profile_optimized_tileSize16SIMDbits128_20260906_145838.log,optimized,tileSize16SIMDbits128,1024,1024,5,1234,not graded,optimized,yes,1.603,32.70,8.65,2593923697,680181421,5399356,2.081540,213732170,90521254,3176056,14.859981,0.178092,0.020772,isolated (naive baseline subtracted)
profile_optimized_tileSize16SIMDbits128_20260906_145838.log,optimized,tileSize16SIMDbits128,2048,2048,3,1234,not graded,naive (ref),yes,23.100,3.27,1.00,4735829536,1024630555,22805988,4.815627,4316227905,872280611,8641767,2.002157,0.322312,0.263616,substituted from dedicated naive baseline log
profile_optimized_tileSize16SIMDbits128_20260906_145838.log,optimized,tileSize16SIMDbits128,2048,2048,3,1234,not graded,optimized,yes,3.231,23.36,7.15,4735829536,1024630555,22805988,4.815627,419601631,152349944,14164221,33.756354,0.322312,0.058695,isolated (naive baseline subtracted)
profile_optimized_tileSize16SIMDbits128_20260906_145838.log,optimized,tileSize16SIMDbits128,2048,2048,5,1234,not graded,naive (ref),yes,56.847,3.69,1.00,10341538824,2711596801,26358185,2.548768,9486414542,2349447435,13492458,1.422293,0.728084,0.650540,substituted from dedicated naive baseline log
profile_optimized_tileSize16SIMDbits128_20260906_145838.log,optimized,tileSize16SIMDbits128,2048,2048,5,1234,not graded,optimized,yes,6.559,31.97,8.67,10341538824,2711596801,26358185,2.548768,855124282,362149366,12865727,15.045447,0.728084,0.077544,isolated (naive baseline subtracted)
profile_optimized_tileSize16SIMDbits128_20260906_145838.log,optimized,tileSize16SIMDbits128,4096,4096,3,1234,not graded,naive (ref),yes,82.909,3.64,1.00,19045902207,4125537739,111217764,5.839459,17227392632,3479485120,56241129,3.264634,1.196411,1.022770,substituted from dedicated naive baseline log
profile_optimized_tileSize16SIMDbits128_20260906_145838.log,optimized,tileSize16SIMDbits128,4096,4096,3,1234,not graded,optimized,yes,12.710,23.76,6.52,19045902207,4125537739,111217764,5.839459,1818509575,646052619,54976635,30.231699,1.196411,0.173641,isolated (naive baseline subtracted)
profile_optimized_tileSize16SIMDbits128_20260906_145838.log,optimized,tileSize16SIMDbits128,4096,4096,5,1234,not graded,naive (ref),yes,224.268,3.74,1.00,41325723043,10836002752,130336997,3.153895,37905679948,9387518813,79867109,2.106996,2.855336,2.496753,substituted from dedicated naive baseline log
profile_optimized_tileSize16SIMDbits128_20260906_145838.log,optimized,tileSize16SIMDbits128,4096,4096,5,1234,not graded,optimized,yes,25.563,32.82,8.77,41325723043,10836002752,130336997,3.153895,3420043095,1448483939,50469888,14.757091,2.855336,0.358584,isolated (naive baseline subtracted)
profile_optimized_tileSize16SIMDbits256_20260906_150231.log,optimized,tileSize16SIMDbits256,512,512,3,1234,not graded,naive (ref),yes,1.972,2.39,1.00,299464945,63299392,1389926,4.641365,278490924,56783492,549211,1.972097,0.028282,0.014643,substituted from dedicated naive baseline log
profile_optimized_tileSize16SIMDbits256_20260906_150231.log,optimized,tileSize16SIMDbits256,512,512,3,1234,not graded,optimized,yes,0.162,29.06,12.15,299464945,63299392,1389926,4.641365,20974021,6515900,840715,40.083635,0.028282,0.013639,isolated (naive baseline subtracted)
profile_optimized_tileSize16SIMDbits256_20260906_150231.log,optimized,tileSize16SIMDbits256,512,512,5,1234,not graded,naive (ref),yes,5.440,2.41,1.00,643990665,163515290,1980385,3.075177,601553639,149091692,560303,0.931426,0.068238,0.036723,substituted from dedicated naive baseline log
profile_optimized_tileSize16SIMDbits256_20260906_150231.log,optimized,tileSize16SIMDbits256,512,512,5,1234,not graded,optimized,yes,0.398,32.91,13.66,643990665,163515290,1980385,3.075177,42437026,14423598,1420082,33.463278,0.068238,0.031514,isolated (naive baseline subtracted)
profile_optimized_tileSize16SIMDbits256_20260906_150231.log,optimized,tileSize16SIMDbits256,1024,1024,3,1234,not graded,naive (ref),yes,4.644,4.06,1.00,1171984850,246510650,5502084,4.694672,1087588944,220339456,2140651,1.968254,0.091648,0.056068,substituted from dedicated naive baseline log
profile_optimized_tileSize16SIMDbits256_20260906_150231.log,optimized,tileSize16SIMDbits256,1024,1024,3,1234,not graded,optimized,yes,0.491,38.41,9.45,1171984850,246510650,5502084,4.694672,84395906,26171194,3361433,39.829337,0.091648,0.035580,isolated (naive baseline subtracted)
profile_optimized_tileSize16SIMDbits256_20260906_150231.log,optimized,tileSize16SIMDbits256,1024,1024,5,1234,not graded,naive (ref),yes,13.748,3.81,1.00,2549431278,647202842,5168053,2.027140,2380191527,589660167,2223300,0.934084,0.172283,0.157320,substituted from dedicated naive baseline log
profile_optimized_tileSize16SIMDbits256_20260906_150231.log,optimized,tileSize16SIMDbits256,1024,1024,5,1234,not graded,optimized,yes,1.047,50.09,13.13,2549431278,647202842,5168053,2.027140,169239751,57542675,2944753,17.399890,0.172283,0.014962,isolated (naive baseline subtracted)
profile_optimized_tileSize16SIMDbits256_20260906_150231.log,optimized,tileSize16SIMDbits256,2048,2048,3,1234,not graded,naive (ref),yes,21.191,3.56,1.00,4652427663,976621217,20277959,4.358576,4316227905,872280611,8641767,2.002157,0.298376,0.263616,substituted from dedicated naive baseline log
profile_optimized_tileSize16SIMDbits256_20260906_150231.log,optimized,tileSize16SIMDbits256,2048,2048,3,1234,not graded,optimized,yes,2.217,34.06,9.56,4652427663,976621217,20277959,4.358576,336199758,104340606,11636192,34.610947,0.298376,0.034760,isolated (naive baseline subtracted)
profile_optimized_tileSize16SIMDbits256_20260906_150231.log,optimized,tileSize16SIMDbits256,2048,2048,5,1234,not graded,naive (ref),yes,57.440,3.65,1.00,10164010246,2579764464,25217202,2.481029,9486414542,2349447435,13492458,1.422293,0.709718,0.650540,substituted from dedicated naive baseline log
profile_optimized_tileSize16SIMDbits256_20260906_150231.log,optimized,tileSize16SIMDbits256,2048,2048,5,1234,not graded,optimized,yes,4.806,43.64,11.95,10164010246,2579764464,25217202,2.481029,677595704,230317029,11724744,17.303451,0.709718,0.059178,isolated (naive baseline subtracted)
profile_optimized_tileSize16SIMDbits256_20260906_150231.log,optimized,tileSize16SIMDbits256,4096,4096,3,1234,not graded,naive (ref),yes,84.223,3.59,1.00,18653725897,3918235855,101439210,5.438013,17227392632,3479485120,56241129,3.264634,1.179814,1.022770,substituted from dedicated naive baseline log
profile_optimized_tileSize16SIMDbits256_20260906_150231.log,optimized,tileSize16SIMDbits256,4096,4096,3,1234,not graded,optimized,yes,9.815,30.77,8.58,18653725897,3918235855,101439210,5.438013,1426333265,438750735,45198081,31.688303,1.179814,0.157044,isolated (naive baseline subtracted)
profile_optimized_tileSize16SIMDbits256_20260906_150231.log,optimized,tileSize16SIMDbits256,4096,4096,5,1234,not graded,naive (ref),yes,222.805,3.76,1.00,40615933127,10308671824,126663057,3.118556,37905679948,9387518813,79867109,2.106996,2.776728,2.496753,substituted from dedicated naive baseline log
profile_optimized_tileSize16SIMDbits256_20260906_150231.log,optimized,tileSize16SIMDbits256,4096,4096,5,1234,not graded,optimized,yes,19.252,43.57,11.57,40615933127,10308671824,126663057,3.118556,2710253179,921153011,46795948,17.266264,2.776728,0.279975,isolated (naive baseline subtracted)
profile_optimized_tileSize16SIMDbits512_20260906_150045.log,optimized,tileSize16SIMDbits512,512,512,3,1234,not graded,naive (ref),yes,1.000,4.72,1.00,295753794,61519247,958562,3.241081,278490924,56783492,549211,1.972097,0.017353,0.014643,substituted from dedicated naive baseline log
profile_optimized_tileSize16SIMDbits512_20260906_150045.log,optimized,tileSize16SIMDbits512,512,512,3,1234,not graded,optimized,yes,0.089,53.26,11.28,295753794,61519247,958562,3.241081,17262870,4735755,409351,23.712801,0.017353,0.002711,isolated (naive baseline subtracted)
profile_optimized_tileSize16SIMDbits512_20260906_150045.log,optimized,tileSize16SIMDbits512,512,512,5,1234,not graded,naive (ref),yes,3.058,4.29,1.00,634778306,159043599,1008965,1.589476,601553639,149091692,560303,0.931426,0.039708,0.036723,substituted from dedicated naive baseline log
profile_optimized_tileSize16SIMDbits512_20260906_150045.log,optimized,tileSize16SIMDbits512,512,512,5,1234,not graded,optimized,yes,0.241,54.46,12.70,634778306,159043599,1008965,1.589476,33224667,9951907,448662,13.503883,0.039708,0.002985,isolated (naive baseline subtracted)
profile_optimized_tileSize16SIMDbits512_20260906_150045.log,optimized,tileSize16SIMDbits512,1024,1024,3,1234,not graded,naive (ref),yes,4.698,4.02,1.00,1156463584,239234067,5092690,4.403675,1087588944,220339456,2140651,1.968254,0.066688,0.056068,substituted from dedicated naive baseline log
profile_optimized_tileSize16SIMDbits512_20260906_150045.log,optimized,tileSize16SIMDbits512,1024,1024,3,1234,not graded,optimized,yes,0.502,37.56,9.35,1156463584,239234067,5092690,4.403675,68874640,18894611,2952039,42.861044,0.066688,0.010620,isolated (naive baseline subtracted)
profile_optimized_tileSize16SIMDbits512_20260906_150045.log,optimized,tileSize16SIMDbits512,1024,1024,5,1234,not graded,naive (ref),yes,13.669,3.84,1.00,2513279747,629496964,4866401,1.936275,2380191527,589660167,2223300,0.934084,0.170806,0.157320,substituted from dedicated naive baseline log
profile_optimized_tileSize16SIMDbits512_20260906_150045.log,optimized,tileSize16SIMDbits512,1024,1024,5,1234,not graded,optimized,yes,1.073,48.87,12.74,2513279747,629496964,4866401,1.936275,133088220,39836797,2643101,19.859767,0.170806,0.013486,isolated (naive baseline subtracted)
profile_optimized_tileSize16SIMDbits512_20260906_150045.log,optimized,tileSize16SIMDbits512,2048,2048,3,1234,not graded,naive (ref),yes,22.414,3.37,1.00,4592035684,947921474,20459038,4.455331,4316227905,872280611,8641767,2.002157,0.314596,0.263616,substituted from dedicated naive baseline log
profile_optimized_tileSize16SIMDbits512_20260906_150045.log,optimized,tileSize16SIMDbits512,2048,2048,3,1234,not graded,optimized,yes,2.222,33.97,10.09,4592035684,947921474,20459038,4.455331,275807779,75640863,11817271,42.846040,0.314596,0.050980,isolated (naive baseline subtracted)
profile_optimized_tileSize16SIMDbits512_20260906_150045.log,optimized,tileSize16SIMDbits512,2048,2048,5,1234,not graded,naive (ref),yes,57.608,3.64,1.00,10019197914,2508979837,23902450,2.385665,9486414542,2349447435,13492458,1.422293,0.715310,0.650540,substituted from dedicated naive baseline log
profile_optimized_tileSize16SIMDbits512_20260906_150045.log,optimized,tileSize16SIMDbits512,2048,2048,5,1234,not graded,optimized,yes,4.688,44.73,12.29,10019197914,2508979837,23902450,2.385665,532783372,159532402,10409992,19.538883,0.715310,0.064770,isolated (naive baseline subtracted)
profile_optimized_tileSize16SIMDbits512_20260906_150045.log,optimized,tileSize16SIMDbits512,4096,4096,3,1234,not graded,naive (ref),yes,82.772,3.65,1.00,18331889583,3782444545,103130028,5.625717,17227392632,3479485120,56241129,3.264634,1.142750,1.022770,substituted from dedicated naive baseline log
profile_optimized_tileSize16SIMDbits512_20260906_150045.log,optimized,tileSize16SIMDbits512,4096,4096,3,1234,not graded,optimized,yes,9.579,31.53,8.64,18331889583,3782444545,103130028,5.625717,1104496951,302959425,46888899,42.452719,1.142750,0.119980,isolated (naive baseline subtracted)
profile_optimized_tileSize16SIMDbits512_20260906_150045.log,optimized,tileSize16SIMDbits512,4096,4096,5,1234,not graded,naive (ref),yes,221.237,3.79,1.00,40036047044,10025474311,121154108,3.026126,37905679948,9387518813,79867109,2.106996,2.748900,2.496753,substituted from dedicated naive baseline log
profile_optimized_tileSize16SIMDbits512_20260906_150045.log,optimized,tileSize16SIMDbits512,4096,4096,5,1234,not graded,optimized,yes,18.518,45.30,11.95,40036047044,10025474311,121154108,3.026126,2130367096,637955498,41286999,19.380228,2.748900,0.252147,isolated (naive baseline subtracted)
profile_optimized_tileSize32SIMDbits128_20260906_150401.log,optimized,tileSize32SIMDbits128,512,512,3,1234,not graded,naive (ref),yes,1.008,4.68,1.00,295653456,64989991,1140175,3.856458,278490924,56783492,549211,1.972097,0.016459,0.014643,substituted from dedicated naive baseline log
profile_optimized_tileSize32SIMDbits128_20260906_150401.log,optimized,tileSize32SIMDbits128,512,512,3,1234,not graded,optimized,yes,0.140,33.67,7.19,295653456,64989991,1140175,3.856458,17162532,8206499,590964,34.433381,0.016459,0.001816,isolated (naive baseline subtracted)
profile_optimized_tileSize32SIMDbits128_20260906_150401.log,optimized,tileSize32SIMDbits128,512,512,5,1234,not graded,naive (ref),yes,3.065,4.28,1.00,637145537,169065441,1072090,1.682645,601553639,149091692,560303,0.931426,0.041030,0.036723,substituted from dedicated naive baseline log
profile_optimized_tileSize32SIMDbits128_20260906_150401.log,optimized,tileSize32SIMDbits128,512,512,5,1234,not graded,optimized,yes,0.300,43.66,10.21,637145537,169065441,1072090,1.682645,35591898,19973749,511787,14.379312,0.041030,0.004307,isolated (naive baseline subtracted)
profile_optimized_tileSize32SIMDbits128_20260906_150401.log,optimized,tileSize32SIMDbits128,1024,1024,3,1234,not graded,naive (ref),yes,4.540,4.16,1.00,1156243817,253151021,4621109,3.996656,1087588944,220339456,2140651,1.968254,0.066680,0.056068,substituted from dedicated naive baseline log
profile_optimized_tileSize32SIMDbits128_20260906_150401.log,optimized,tileSize32SIMDbits128,1024,1024,3,1234,not graded,optimized,yes,0.606,31.13,7.49,1156243817,253151021,4621109,3.996656,68654873,32811565,2480458,36.129380,0.066680,0.010612,isolated (naive baseline subtracted)
profile_optimized_tileSize32SIMDbits128_20260906_150401.log,optimized,tileSize32SIMDbits128,1024,1024,5,1234,not graded,naive (ref),yes,13.560,3.87,1.00,2523051030,669676896,4792695,1.899563,2380191527,589660167,2223300,0.934084,0.171034,0.157320,substituted from dedicated naive baseline log
profile_optimized_tileSize32SIMDbits128_20260906_150401.log,optimized,tileSize32SIMDbits128,1024,1024,5,1234,not graded,optimized,yes,1.238,42.35,10.95,2523051030,669676896,4792695,1.899563,142859503,80016729,2569395,17.985468,0.171034,0.013714,isolated (naive baseline subtracted)
profile_optimized_tileSize32SIMDbits128_20260906_150401.log,optimized,tileSize32SIMDbits128,2048,2048,3,1234,not graded,naive (ref),yes,22.482,3.36,1.00,4591843545,1003757759,18977034,4.132770,4316227905,872280611,8641767,2.002157,0.333217,0.263616,substituted from dedicated naive baseline log
profile_optimized_tileSize32SIMDbits128_20260906_150401.log,optimized,tileSize32SIMDbits128,2048,2048,3,1234,not graded,optimized,yes,2.802,26.95,8.02,4591843545,1003757759,18977034,4.132770,275615640,131477148,10335267,37.498841,0.333217,0.069600,isolated (naive baseline subtracted)
profile_optimized_tileSize32SIMDbits128_20260906_150401.log,optimized,tileSize32SIMDbits128,2048,2048,5,1234,not graded,naive (ref),yes,61.966,3.38,1.00,10058146342,2669662946,23827690,2.368994,9486414542,2349447435,13492458,1.422293,0.774949,0.650540,substituted from dedicated naive baseline log
profile_optimized_tileSize32SIMDbits128_20260906_150401.log,optimized,tileSize32SIMDbits128,2048,2048,5,1234,not graded,optimized,yes,6.089,34.44,10.18,10058146342,2669662946,23827690,2.368994,571731800,320215511,10335232,18.077063,0.774949,0.124409,isolated (naive baseline subtracted)
profile_optimized_tileSize32SIMDbits128_20260906_150401.log,optimized,tileSize32SIMDbits128,4096,4096,3,1234,not graded,naive (ref),yes,81.614,3.70,1.00,18397019885,4023034889,95330230,5.181830,17227392632,3479485120,56241129,3.264634,1.165203,1.022770,substituted from dedicated naive baseline log
profile_optimized_tileSize32SIMDbits128_20260906_150401.log,optimized,tileSize32SIMDbits128,4096,4096,3,1234,not graded,optimized,yes,11.099,27.21,7.35,18397019885,4023034889,95330230,5.181830,1169627253,543549769,39089101,33.420135,1.165203,0.142432,isolated (naive baseline subtracted)
profile_optimized_tileSize32SIMDbits128_20260906_150401.log,optimized,tileSize32SIMDbits128,4096,4096,5,1234,not graded,naive (ref),yes,221.497,3.79,1.00,40192237035,10668140226,120945510,3.009176,37905679948,9387518813,79867109,2.106996,2.776796,2.496753,substituted from dedicated naive baseline log
profile_optimized_tileSize32SIMDbits128_20260906_150401.log,optimized,tileSize32SIMDbits128,4096,4096,5,1234,not graded,optimized,yes,20.948,40.05,10.57,40192237035,10668140226,120945510,3.009176,2286557087,1280621413,41078401,17.965176,2.776796,0.280043,isolated (naive baseline subtracted)
profile_optimized_tileSize32SIMDbits256_20260906_150452.log,optimized,tileSize32SIMDbits256,512,512,3,1234,not graded,naive (ref),yes,0.985,4.79,1.00,291845797,61953815,1103063,3.779609,278490924,56783492,549211,1.972097,0.015950,0.014643,substituted from dedicated naive baseline log
profile_optimized_tileSize32SIMDbits256_20260906_150452.log,optimized,tileSize32SIMDbits256,512,512,3,1234,not graded,optimized,yes,0.094,50.16,10.46,291845797,61953815,1103063,3.779609,13354873,5170323,553852,41.471903,0.015950,0.001307,isolated (naive baseline subtracted)
profile_optimized_tileSize32SIMDbits256_20260906_150452.log,optimized,tileSize32SIMDbits256,512,512,5,1234,not graded,naive (ref),yes,3.113,4.21,1.00,628174254,160810497,1067376,1.699172,601553639,149091692,560303,0.931426,0.039721,0.036723,substituted from dedicated naive baseline log
profile_optimized_tileSize32SIMDbits256_20260906_150452.log,optimized,tileSize32SIMDbits256,512,512,5,1234,not graded,optimized,yes,0.208,63.05,14.97,628174254,160810497,1067376,1.699172,26620615,11718805,507073,19.048132,0.039721,0.002998,isolated (naive baseline subtracted)
profile_optimized_tileSize32SIMDbits256_20260906_150452.log,optimized,tileSize32SIMDbits256,1024,1024,3,1234,not graded,naive (ref),yes,4.677,4.04,1.00,1141052522,241012488,4469906,3.917353,1087588944,220339456,2140651,1.968254,0.065980,0.056068,substituted from dedicated naive baseline log
profile_optimized_tileSize32SIMDbits256_20260906_150452.log,optimized,tileSize32SIMDbits256,1024,1024,3,1234,not graded,optimized,yes,0.409,46.15,11.44,1141052522,241012488,4469906,3.917353,53463578,20673032,2329255,43.567136,0.065980,0.009911,isolated (naive baseline subtracted)
profile_optimized_tileSize32SIMDbits256_20260906_150452.log,optimized,tileSize32SIMDbits256,1024,1024,5,1234,not graded,naive (ref),yes,13.625,3.85,1.00,2486685199,636517085,4704660,1.891940,2380191527,589660167,2223300,0.934084,0.168681,0.157320,substituted from dedicated naive baseline log
profile_optimized_tileSize32SIMDbits256_20260906_150452.log,optimized,tileSize32SIMDbits256,1024,1024,5,1234,not graded,optimized,yes,0.861,60.91,15.83,2486685199,636517085,4704660,1.891940,106493672,46856918,2481360,23.300539,0.168681,0.011361,isolated (naive baseline subtracted)
profile_optimized_tileSize32SIMDbits256_20260906_150452.log,optimized,tileSize32SIMDbits256,2048,2048,3,1234,not graded,naive (ref),yes,22.564,3.35,1.00,4530581318,955065241,18111210,3.997547,4316227905,872280611,8641767,2.002157,0.295714,0.263616,substituted from dedicated naive baseline log
profile_optimized_tileSize32SIMDbits256_20260906_150452.log,optimized,tileSize32SIMDbits256,2048,2048,3,1234,not graded,optimized,yes,2.188,34.51,10.31,4530581318,955065241,18111210,3.997547,214353413,82784630,9469443,44.176777,0.295714,0.032098,isolated (naive baseline subtracted)
profile_optimized_tileSize32SIMDbits256_20260906_150452.log,optimized,tileSize32SIMDbits256,2048,2048,5,1234,not graded,naive (ref),yes,57.263,3.66,1.00,9913396372,2537161328,23539519,2.374516,9486414542,2349447435,13492458,1.422293,0.703772,0.650540,substituted from dedicated naive baseline log
profile_optimized_tileSize32SIMDbits256_20260906_150452.log,optimized,tileSize32SIMDbits256,2048,2048,5,1234,not graded,optimized,yes,3.877,54.09,14.77,9913396372,2537161328,23539519,2.374516,426981830,187713893,10047061,23.530418,0.703772,0.053232,isolated (naive baseline subtracted)
profile_optimized_tileSize32SIMDbits256_20260906_150452.log,optimized,tileSize32SIMDbits256,4096,4096,3,1234,not graded,naive (ref),yes,87.738,3.44,1.00,18085617544,3810799013,93140410,5.149971,17227392632,3479485120,56241129,3.264634,1.189646,1.022770,substituted from dedicated naive baseline log
profile_optimized_tileSize32SIMDbits256_20260906_150452.log,optimized,tileSize32SIMDbits256,4096,4096,3,1234,not graded,optimized,yes,9.027,33.45,9.72,18085617544,3810799013,93140410,5.149971,858224912,331313893,36899281,42.994885,1.189646,0.166876,isolated (naive baseline subtracted)
profile_optimized_tileSize32SIMDbits256_20260906_150452.log,optimized,tileSize32SIMDbits256,4096,4096,5,1234,not graded,naive (ref),yes,223.255,3.76,1.00,39613853286,10138414194,119544146,3.017736,37905679948,9387518813,79867109,2.106996,2.756533,2.496753,substituted from dedicated naive baseline log
profile_optimized_tileSize32SIMDbits256_20260906_150452.log,optimized,tileSize32SIMDbits256,4096,4096,5,1234,not graded,optimized,yes,16.420,51.09,13.60,39613853286,10138414194,119544146,3.017736,1708173338,750895381,39677037,23.227758,2.756533,0.259780,isolated (naive baseline subtracted)
profile_optimized_tileSize32SIMDbits512_20260906_150536.log,optimized,tileSize32SIMDbits512,512,512,3,1234,not graded,naive (ref),yes,1.000,4.72,1.00,290632938,60536316,1058304,3.641377,278490924,56783492,549211,1.972097,0.017338,0.014643,substituted from dedicated naive baseline log
profile_optimized_tileSize32SIMDbits512_20260906_150536.log,optimized,tileSize32SIMDbits512,512,512,3,1234,not graded,optimized,yes,0.079,59.40,12.58,290632938,60536316,1058304,3.641377,12142014,3752824,509093,41.928217,0.017338,0.002695,isolated (naive baseline subtracted)
profile_optimized_tileSize32SIMDbits512_20260906_150536.log,optimized,tileSize32SIMDbits512,512,512,5,1234,not graded,naive (ref),yes,3.044,4.31,1.00,624873462,156780519,1017575,1.628450,601553639,149091692,560303,0.931426,0.039545,0.036723,substituted from dedicated naive baseline log
profile_optimized_tileSize32SIMDbits512_20260906_150536.log,optimized,tileSize32SIMDbits512,512,512,5,1234,not graded,optimized,yes,0.202,64.75,15.04,624873462,156780519,1017575,1.628450,23319823,7688827,457272,19.608725,0.039545,0.002821,isolated (naive baseline subtracted)
profile_optimized_tileSize32SIMDbits512_20260906_150536.log,optimized,tileSize32SIMDbits512,1024,1024,3,1234,not graded,naive (ref),yes,4.642,4.07,1.00,1136510981,235411204,4286163,3.771334,1087588944,220339456,2140651,1.968254,0.064874,0.056068,substituted from dedicated naive baseline log
profile_optimized_tileSize32SIMDbits512_20260906_150536.log,optimized,tileSize32SIMDbits512,1024,1024,3,1234,not graded,optimized,yes,0.345,54.70,13.45,1136510981,235411204,4286163,3.771334,48922037,15071748,2145512,43.855737,0.064874,0.008806,isolated (naive baseline subtracted)
profile_optimized_tileSize32SIMDbits512_20260906_150536.log,optimized,tileSize32SIMDbits512,1024,1024,5,1234,not graded,naive (ref),yes,13.599,3.86,1.00,2473891246,620500503,4526048,1.829526,2380191527,589660167,2223300,0.934084,0.168005,0.157320,substituted from dedicated naive baseline log
profile_optimized_tileSize32SIMDbits512_20260906_150536.log,optimized,tileSize32SIMDbits512,1024,1024,5,1234,not graded,optimized,yes,0.741,70.76,18.35,2473891246,620500503,4526048,1.829526,93699719,30840336,2302748,24.575826,0.168005,0.010685,isolated (naive baseline subtracted)
profile_optimized_tileSize32SIMDbits512_20260906_150536.log,optimized,tileSize32SIMDbits512,2048,2048,3,1234,not graded,naive (ref),yes,22.033,3.43,1.00,4512533065,932717500,17266978,3.826449,4316227905,872280611,8641767,2.002157,0.291017,0.263616,substituted from dedicated naive baseline log
profile_optimized_tileSize32SIMDbits512_20260906_150536.log,optimized,tileSize32SIMDbits512,2048,2048,3,1234,not graded,optimized,yes,2.113,35.73,10.43,4512533065,932717500,17266978,3.826449,196305160,60436889,8625211,43.937770,0.291017,0.027400,isolated (naive baseline subtracted)
profile_optimized_tileSize32SIMDbits512_20260906_150536.log,optimized,tileSize32SIMDbits512,2048,2048,5,1234,not graded,naive (ref),yes,56.640,3.70,1.00,9860518550,2472696555,22702701,2.302384,9486414542,2349447435,13492458,1.422293,0.691587,0.650540,substituted from dedicated naive baseline log
profile_optimized_tileSize32SIMDbits512_20260906_150536.log,optimized,tileSize32SIMDbits512,2048,2048,5,1234,not graded,optimized,yes,3.417,61.38,16.58,9860518550,2472696555,22702701,2.302384,374104008,123249120,9210243,24.619472,0.691587,0.041047,isolated (naive baseline subtracted)
profile_optimized_tileSize32SIMDbits512_20260906_150536.log,optimized,tileSize32SIMDbits512,4096,4096,3,1234,not graded,naive (ref),yes,87.468,3.45,1.00,18044062850,3729595184,89881854,4.981243,17227392632,3479485120,56241129,3.264634,1.180584,1.022770,substituted from dedicated naive baseline log
profile_optimized_tileSize32SIMDbits512_20260906_150536.log,optimized,tileSize32SIMDbits512,4096,4096,3,1234,not graded,optimized,yes,9.169,32.94,9.54,18044062850,3729595184,89881854,4.981243,816670218,250110064,33640725,41.192545,1.180584,0.157814,isolated (naive baseline subtracted)
profile_optimized_tileSize32SIMDbits512_20260906_150536.log,optimized,tileSize32SIMDbits512,4096,4096,5,1234,not graded,naive (ref),yes,223.338,3.76,1.00,39403722917,9880892637,116518758,2.957049,37905679948,9387518813,79867109,2.106996,2.740954,2.496753,substituted from dedicated naive baseline log
profile_optimized_tileSize32SIMDbits512_20260906_150536.log,optimized,tileSize32SIMDbits512,4096,4096,5,1234,not graded,optimized,yes,14.277,58.76,15.64,39403722917,9880892637,116518758,2.957049,1498042969,493373824,36651649,24.466354,2.740954,0.244201,isolated (naive baseline subtracted)
profile_optimized_tileSize64SIMDbits128_20260906_150723.log,optimized,tileSize64SIMDbits128,512,512,3,1234,not graded,naive (ref),yes,0.999,4.72,1.00,293195132,65153021,1036217,3.534223,278490924,56783492,549211,1.972097,0.016472,0.014643,substituted from dedicated naive baseline log
profile_optimized_tileSize64SIMDbits128_20260906_150723.log,optimized,tileSize64SIMDbits128,512,512,3,1234,not graded,optimized,yes,0.134,35.09,7.43,293195132,65153021,1036217,3.534223,14704208,8369529,487006,33.120179,0.016472,0.001829,isolated (naive baseline subtracted)
profile_optimized_tileSize64SIMDbits128_20260906_150723.log,optimized,tileSize64SIMDbits128,512,512,5,1234,not graded,naive (ref),yes,3.089,4.24,1.00,633455202,169930262,1054029,1.663936,601553639,149091692,560303,0.931426,0.040793,0.036723,substituted from dedicated naive baseline log
profile_optimized_tileSize64SIMDbits128_20260906_150723.log,optimized,tileSize64SIMDbits128,512,512,5,1234,not graded,optimized,yes,0.336,39.05,9.20,633455202,169930262,1054029,1.663936,31901563,20838570,493726,15.476546,0.040793,0.004069,isolated (naive baseline subtracted)
profile_optimized_tileSize64SIMDbits128_20260906_150723.log,optimized,tileSize64SIMDbits128,1024,1024,3,1234,not graded,naive (ref),yes,4.592,4.11,1.00,1146915905,253946227,4103712,3.578041,1087588944,220339456,2140651,1.968254,0.065930,0.056068,substituted from dedicated naive baseline log
profile_optimized_tileSize64SIMDbits128_20260906_150723.log,optimized,tileSize64SIMDbits128,1024,1024,3,1234,not graded,optimized,yes,0.573,32.92,8.01,1146915905,253946227,4103712,3.578041,59326961,33606771,1963061,33.088851,0.065930,0.009862,isolated (naive baseline subtracted)
profile_optimized_tileSize64SIMDbits128_20260906_150723.log,optimized,tileSize64SIMDbits128,1024,1024,5,1234,not graded,naive (ref),yes,13.569,3.86,1.00,2507933967,673050016,4242100,1.691472,2380191527,589660167,2223300,0.934084,0.171650,0.157320,substituted from dedicated naive baseline log
profile_optimized_tileSize64SIMDbits128_20260906_150723.log,optimized,tileSize64SIMDbits128,1024,1024,5,1234,not graded,optimized,yes,1.283,40.86,10.58,2507933967,673050016,4242100,1.691472,127742440,83389849,2018800,15.803675,0.171650,0.014330,isolated (naive baseline subtracted)
profile_optimized_tileSize64SIMDbits128_20260906_150723.log,optimized,tileSize64SIMDbits128,2048,2048,3,1234,not graded,naive (ref),yes,22.044,3.42,1.00,4552840313,1006548411,16585440,3.642878,4316227905,872280611,8641767,2.002157,0.309346,0.263616,substituted from dedicated naive baseline log
profile_optimized_tileSize64SIMDbits128_20260906_150723.log,optimized,tileSize64SIMDbits128,2048,2048,3,1234,not graded,optimized,yes,3.933,19.19,5.60,4552840313,1006548411,16585440,3.642878,236612408,134267800,7943673,33.572512,0.309346,0.045730,isolated (naive baseline subtracted)
profile_optimized_tileSize64SIMDbits128_20260906_150723.log,optimized,tileSize64SIMDbits128,2048,2048,5,1234,not graded,naive (ref),yes,58.059,3.61,1.00,9997526528,2683090013,21822648,2.182805,9486414542,2349447435,13492458,1.422293,0.746020,0.650540,substituted from dedicated naive baseline log
profile_optimized_tileSize64SIMDbits128_20260906_150723.log,optimized,tileSize64SIMDbits128,2048,2048,5,1234,not graded,optimized,yes,7.446,28.17,7.80,9997526528,2683090013,21822648,2.182805,511111986,333642578,8330190,16.298170,0.746020,0.095480,isolated (naive baseline subtracted)
profile_optimized_tileSize64SIMDbits128_20260906_150723.log,optimized,tileSize64SIMDbits128,4096,4096,3,1234,not graded,naive (ref),yes,84.230,3.59,1.00,18269217671,4041456676,86565035,4.738300,17227392632,3479485120,56241129,3.264634,1.245587,1.022770,substituted from dedicated naive baseline log
profile_optimized_tileSize64SIMDbits128_20260906_150723.log,optimized,tileSize64SIMDbits128,4096,4096,3,1234,not graded,optimized,yes,16.517,18.28,5.10,18269217671,4041456676,86565035,4.738300,1041825039,561971556,30323906,29.106524,1.245587,0.222816,isolated (naive baseline subtracted)
profile_optimized_tileSize64SIMDbits128_20260906_150723.log,optimized,tileSize64SIMDbits128,4096,4096,5,1234,not graded,naive (ref),yes,221.488,3.79,1.00,39950963467,10722233660,112270877,2.810217,37905679948,9387518813,79867109,2.106996,2.886295,2.496753,substituted from dedicated naive baseline log
profile_optimized_tileSize64SIMDbits128_20260906_150723.log,optimized,tileSize64SIMDbits128,4096,4096,5,1234,not graded,optimized,yes,30.815,27.22,7.19,39950963467,10722233660,112270877,2.810217,2045283519,1334714847,32403768,15.843167,2.886295,0.389542,isolated (naive baseline subtracted)
profile_optimized_tileSize64SIMDbits256_20260906_150821.log,optimized,tileSize64SIMDbits256,512,512,3,1234,not graded,naive (ref),yes,0.997,4.73,1.00,287832096,61317717,1023544,3.556045,278490924,56783492,549211,1.972097,0.016484,0.014643,substituted from dedicated naive baseline log
profile_optimized_tileSize64SIMDbits256_20260906_150821.log,optimized,tileSize64SIMDbits256,512,512,3,1234,not graded,optimized,yes,0.084,56.48,11.94,287832096,61317717,1023544,3.556045,9341172,4534225,474333,50.778746,0.016484,0.001841,isolated (naive baseline subtracted)
profile_optimized_tileSize64SIMDbits256_20260906_150821.log,optimized,tileSize64SIMDbits256,512,512,5,1234,not graded,naive (ref),yes,3.456,3.79,1.00,620359218,159574952,1046816,1.687435,601553639,149091692,560303,0.931426,0.043010,0.036723,substituted from dedicated naive baseline log
profile_optimized_tileSize64SIMDbits256_20260906_150821.log,optimized,tileSize64SIMDbits256,512,512,5,1234,not graded,optimized,yes,0.205,63.94,16.86,620359218,159574952,1046816,1.687435,18805579,10483260,486513,25.870674,0.043010,0.006287,isolated (naive baseline subtracted)
profile_optimized_tileSize64SIMDbits256_20260906_150821.log,optimized,tileSize64SIMDbits256,1024,1024,3,1234,not graded,naive (ref),yes,5.505,3.43,1.00,1125765592,238675609,4055525,3.602460,1087588944,220339456,2140651,1.968254,0.073707,0.056068,substituted from dedicated naive baseline log
profile_optimized_tileSize64SIMDbits256_20260906_150821.log,optimized,tileSize64SIMDbits256,1024,1024,3,1234,not graded,optimized,yes,0.378,49.91,14.56,1125765592,238675609,4055525,3.602460,38176648,18336153,1914874,50.158254,0.073707,0.017639,isolated (naive baseline subtracted)
profile_optimized_tileSize64SIMDbits256_20260906_150821.log,optimized,tileSize64SIMDbits256,1024,1024,5,1234,not graded,naive (ref),yes,13.823,3.79,1.00,2455489974,631591998,4206381,1.713052,2380191527,589660167,2223300,0.934084,0.169831,0.157320,substituted from dedicated naive baseline log
profile_optimized_tileSize64SIMDbits256_20260906_150821.log,optimized,tileSize64SIMDbits256,1024,1024,5,1234,not graded,optimized,yes,0.773,67.81,17.88,2455489974,631591998,4206381,1.713052,75298447,41931831,1983081,26.336280,0.169831,0.012511,isolated (naive baseline subtracted)
profile_optimized_tileSize64SIMDbits256_20260906_150821.log,optimized,tileSize64SIMDbits256,2048,2048,3,1234,not graded,naive (ref),yes,21.518,3.51,1.00,4468711309,945559168,16246762,3.635671,4316227905,872280611,8641767,2.002157,0.297687,0.263616,substituted from dedicated naive baseline log
profile_optimized_tileSize64SIMDbits256_20260906_150821.log,optimized,tileSize64SIMDbits256,2048,2048,3,1234,not graded,optimized,yes,2.420,31.19,8.89,4468711309,945559168,16246762,3.635671,152483404,73278557,7604995,49.874247,0.297687,0.034071,isolated (naive baseline subtracted)
profile_optimized_tileSize64SIMDbits256_20260906_150821.log,optimized,tileSize64SIMDbits256,2048,2048,5,1234,not graded,naive (ref),yes,62.826,3.34,1.00,9787926876,2517329120,21452909,2.191773,9486414542,2349447435,13492458,1.422293,0.781233,0.650540,substituted from dedicated naive baseline log
profile_optimized_tileSize64SIMDbits256_20260906_150821.log,optimized,tileSize64SIMDbits256,2048,2048,5,1234,not graded,optimized,yes,5.734,36.58,10.96,9787926876,2517329120,21452909,2.191773,301512334,167881685,7960451,26.401742,0.781233,0.130693,isolated (naive baseline subtracted)
profile_optimized_tileSize64SIMDbits256_20260906_150821.log,optimized,tileSize64SIMDbits256,4096,4096,3,1234,not graded,naive (ref),yes,84.765,3.56,1.00,17868227578,3780771593,86214417,4.825012,17227392632,3479485120,56241129,3.264634,1.211681,1.022770,substituted from dedicated naive baseline log
profile_optimized_tileSize64SIMDbits256_20260906_150821.log,optimized,tileSize64SIMDbits256,4096,4096,3,1234,not graded,optimized,yes,10.739,28.12,7.89,17868227578,3780771593,86214417,4.825012,640834946,301286473,29973288,46.772243,1.211681,0.188911,isolated (naive baseline subtracted)
profile_optimized_tileSize64SIMDbits256_20260906_150821.log,optimized,tileSize64SIMDbits256,4096,4096,5,1234,not graded,naive (ref),yes,224.069,3.74,1.00,39111124367,10058802957,111502956,2.850927,37905679948,9387518813,79867109,2.106996,2.813247,2.496753,substituted from dedicated naive baseline log
profile_optimized_tileSize64SIMDbits256_20260906_150821.log,optimized,tileSize64SIMDbits256,4096,4096,5,1234,not graded,optimized,yes,21.526,38.97,10.41,39111124367,10058802957,111502956,2.850927,1205444419,671284144,31635847,26.244136,2.813247,0.316494,isolated (naive baseline subtracted)
profile_optimized_tileSize64SIMDbits512_20260906_150931.log,optimized,tileSize64SIMDbits512,512,512,3,1234,not graded,naive (ref),yes,0.996,4.74,1.00,286738942,59889764,1005028,3.505028,278490924,56783492,549211,1.972097,0.015722,0.014643,substituted from dedicated naive baseline log
profile_optimized_tileSize64SIMDbits512_20260906_150931.log,optimized,tileSize64SIMDbits512,512,512,3,1234,not graded,optimized,yes,0.074,63.81,13.47,286738942,59889764,1005028,3.505028,8248018,3106272,455817,55.263822,0.015722,0.001079,isolated (naive baseline subtracted)
profile_optimized_tileSize64SIMDbits512_20260906_150931.log,optimized,tileSize64SIMDbits512,512,512,5,1234,not graded,naive (ref),yes,3.057,4.29,1.00,616666255,155447001,1024773,1.661795,601553639,149091692,560303,0.931426,0.039304,0.036723,substituted from dedicated naive baseline log
profile_optimized_tileSize64SIMDbits512_20260906_150931.log,optimized,tileSize64SIMDbits512,512,512,5,1234,not graded,optimized,yes,0.165,79.64,18.57,616666255,155447001,1024773,1.661795,15112616,6355309,464470,30.733925,0.039304,0.002581,isolated (naive baseline subtracted)
profile_optimized_tileSize64SIMDbits512_20260906_150931.log,optimized,tileSize64SIMDbits512,1024,1024,3,1234,not graded,naive (ref),yes,4.829,3.91,1.00,1120755075,232784369,3967367,3.539905,1087588944,220339456,2140651,1.968254,0.065765,0.056068,substituted from dedicated naive baseline log
profile_optimized_tileSize64SIMDbits512_20260906_150931.log,optimized,tileSize64SIMDbits512,1024,1024,3,1234,not graded,optimized,yes,0.330,57.13,14.62,1120755075,232784369,3967367,3.539905,33166131,12444913,1826716,55.077754,0.065765,0.009697,isolated (naive baseline subtracted)
profile_optimized_tileSize64SIMDbits512_20260906_150931.log,optimized,tileSize64SIMDbits512,1024,1024,5,1234,not graded,naive (ref),yes,13.660,3.84,1.00,2441112004,615192242,4135690,1.694183,2380191527,589660167,2223300,0.934084,0.166484,0.157320,substituted from dedicated naive baseline log
profile_optimized_tileSize64SIMDbits512_20260906_150931.log,optimized,tileSize64SIMDbits512,1024,1024,5,1234,not graded,optimized,yes,0.630,83.19,21.67,2441112004,615192242,4135690,1.694183,60920477,25532075,1912390,31.391580,0.166484,0.009163,isolated (naive baseline subtracted)
profile_optimized_tileSize64SIMDbits512_20260906_150931.log,optimized,tileSize64SIMDbits512,2048,2048,3,1234,not graded,naive (ref),yes,35.955,2.10,1.00,4449026437,922124480,18263988,4.105165,4316227905,872280611,8641767,2.002157,0.371639,0.263616,substituted from dedicated naive baseline log
profile_optimized_tileSize64SIMDbits512_20260906_150931.log,optimized,tileSize64SIMDbits512,2048,2048,3,1234,not graded,optimized,yes,2.305,32.76,15.60,4449026437,922124480,18263988,4.105165,132798532,49843869,9622221,72.457284,0.371639,0.108023,isolated (naive baseline subtracted)
profile_optimized_tileSize64SIMDbits512_20260906_150931.log,optimized,tileSize64SIMDbits512,2048,2048,5,1234,not graded,naive (ref),yes,57.693,3.64,1.00,9730262532,2451629987,21156410,2.174290,9486414542,2349447435,13492458,1.422293,0.709983,0.650540,substituted from dedicated naive baseline log
profile_optimized_tileSize64SIMDbits512_20260906_150931.log,optimized,tileSize64SIMDbits512,2048,2048,5,1234,not graded,optimized,yes,4.670,44.90,12.35,9730262532,2451629987,21156410,2.174290,243847990,102182552,7663952,31.429219,0.709983,0.059443,isolated (naive baseline subtracted)
profile_optimized_tileSize64SIMDbits512_20260906_150931.log,optimized,tileSize64SIMDbits512,4096,4096,3,1234,not graded,naive (ref),yes,84.362,3.58,1.00,17843968719,3701222905,83905701,4.702188,17227392632,3479485120,56241129,3.264634,1.185792,1.022770,substituted from dedicated naive baseline log
profile_optimized_tileSize64SIMDbits512_20260906_150931.log,optimized,tileSize64SIMDbits512,4096,4096,3,1234,not graded,optimized,yes,10.032,30.10,8.41,17843968719,3701222905,83905701,4.702188,616576087,221737785,27664572,44.868059,1.185792,0.163022,isolated (naive baseline subtracted)
profile_optimized_tileSize64SIMDbits512_20260906_150931.log,optimized,tileSize64SIMDbits512,4096,4096,5,1234,not graded,naive (ref),yes,225.941,3.71,1.00,38882934879,9796651411,110042281,2.830092,37905679948,9387518813,79867109,2.106996,2.803878,2.496753,substituted from dedicated naive baseline log
profile_optimized_tileSize64SIMDbits512_20260906_150931.log,optimized,tileSize64SIMDbits512,4096,4096,5,1234,not graded,optimized,yes,18.513,45.31,12.20,38882934879,9796651411,110042281,2.830092,977254931,409132598,30175172,30.877482,2.803878,0.307126,isolated (naive baseline subtracted)
profile_reorder_reorder8combo_20260906_121922.log,reorder,reorder8combo,512,512,3,1234,not graded,naive (ref),yes,0.990,4.77,1.00,422819522,105037214,3702363,8.756367,278490924,56783492,549211,1.972097,0.022747,0.014643,substituted from dedicated naive baseline log
profile_reorder_reorder8combo_20260906_121922.log,reorder,reorder8combo,512,512,3,1234,not graded,reorder,yes,0.792,5.96,1.25,422819522,105037214,3702363,8.756367,144328598,48253722,3153152,21.847035,0.022747,0.008104,isolated (naive baseline subtracted)
profile_reorder_reorder8combo_20260906_121922.log,reorder,reorder8combo,512,512,5,1234,not graded,naive (ref),yes,3.258,4.02,1.00,998672723,281251965,9020076,9.032064,601553639,149091692,560303,0.931426,0.064152,0.036723,substituted from dedicated naive baseline log
profile_reorder_reorder8combo_20260906_121922.log,reorder,reorder8combo,512,512,5,1234,not graded,reorder,yes,2.387,5.49,1.36,998672723,281251965,9020076,9.032064,397119084,132160273,8459773,21.302862,0.064152,0.027429,isolated (naive baseline subtracted)
profile_reorder_reorder8combo_20260906_121922.log,reorder,reorder8combo,1024,1024,3,1234,not graded,naive (ref),yes,4.704,4.01,1.00,1663765438,413373532,14748849,8.864741,1087588944,220339456,2140651,1.968254,0.097721,0.056068,substituted from dedicated naive baseline log
profile_reorder_reorder8combo_20260906_121922.log,reorder,reorder8combo,1024,1024,3,1234,not graded,reorder,yes,3.483,5.42,1.35,1663765438,413373532,14748849,8.864741,576176494,193034076,12608198,21.882528,0.097721,0.041653,isolated (naive baseline subtracted)
profile_reorder_reorder8combo_20260906_121922.log,reorder,reorder8combo,1024,1024,5,1234,not graded,naive (ref),yes,15.143,3.46,1.00,3965755814,1118395763,35930318,9.060144,2380191527,589660167,2223300,0.934084,0.284789,0.157320,substituted from dedicated naive baseline log
profile_reorder_reorder8combo_20260906_121922.log,reorder,reorder8combo,1024,1024,5,1234,not graded,reorder,yes,10.912,4.80,1.39,3965755814,1118395763,35930318,9.060144,1585564287,528735596,33707018,21.258689,0.284789,0.127469,isolated (naive baseline subtracted)
profile_reorder_reorder8combo_20260906_121922.log,reorder,reorder8combo,2048,2048,3,1234,not graded,naive (ref),yes,20.989,3.60,1.00,6627876662,1644462873,56542283,8.530980,4316227905,872280611,8641767,2.002157,0.467707,0.263616,substituted from dedicated naive baseline log
profile_reorder_reorder8combo_20260906_121922.log,reorder,reorder8combo,2048,2048,3,1234,not graded,reorder,yes,20.209,3.74,1.04,6627876662,1644462873,56542283,8.530980,2311648757,772182262,47900516,20.721364,0.467707,0.204091,isolated (naive baseline subtracted)
profile_reorder_reorder8combo_20260906_121922.log,reorder,reorder8combo,2048,2048,5,1234,not graded,naive (ref),yes,58.226,3.60,1.00,15831065138,4464437265,145365971,9.182324,9486414542,2349447435,13492458,1.422293,1.243056,0.650540,substituted from dedicated naive baseline log
profile_reorder_reorder8combo_20260906_121922.log,reorder,reorder8combo,2048,2048,5,1234,not graded,reorder,yes,56.545,3.71,1.03,15831065138,4464437265,145365971,9.182324,6344650596,2114989830,131873513,20.784992,1.243056,0.592516,isolated (naive baseline subtracted)
profile_reorder_reorder8combo_20260906_121922.log,reorder,reorder8combo,4096,4096,3,1234,not graded,naive (ref),yes,81.319,3.71,1.00,26468683715,6568078095,247415711,9.347488,17227392632,3479485120,56241129,3.264634,1.815615,1.022770,substituted from dedicated naive baseline log
profile_reorder_reorder8combo_20260906_121922.log,reorder,reorder8combo,4096,4096,3,1234,not graded,reorder,yes,78.725,3.84,1.03,26468683715,6568078095,247415711,9.347488,9241291083,3088592975,191174582,20.686999,1.815615,0.792845,isolated (naive baseline subtracted)
profile_reorder_reorder8combo_20260906_121922.log,reorder,reorder8combo,4096,4096,5,1234,not graded,naive (ref),yes,225.501,3.72,1.00,63270284479,17847271776,607289927,9.598344,37905679948,9387518813,79867109,2.106996,4.742397,2.496753,substituted from dedicated naive baseline log
profile_reorder_reorder8combo_20260906_121922.log,reorder,reorder8combo,4096,4096,5,1234,not graded,reorder,yes,212.181,3.95,1.06,63270284479,17847271776,607289927,9.598344,25364604531,8459752963,527422818,20.793654,4.742397,2.245644,isolated (naive baseline subtracted)
profile_simd_128bits1unroll_20260906_135240.log,simd,128bits1unroll,512,512,3,1234,not graded,naive (ref),yes,0.991,4.76,1.00,332369878,69623703,910300,2.738816,278490924,56783492,549211,1.972097,0.017565,0.014643,substituted from dedicated naive baseline log
profile_simd_128bits1unroll_20260906_135240.log,simd,128bits1unroll,512,512,3,1234,not graded,simd,yes,0.241,19.56,4.11,332369878,69623703,910300,2.738816,53878954,12840211,361089,6.701856,0.017565,0.002922,isolated (naive baseline subtracted)
profile_simd_128bits1unroll_20260906_135240.log,simd,128bits1unroll,512,512,5,1234,not graded,naive (ref),yes,3.194,4.10,1.00,718460018,182931223,930226,1.294750,601553639,149091692,560303,0.931426,0.047118,0.036723,substituted from dedicated naive baseline log
profile_simd_128bits1unroll_20260906_135240.log,simd,128bits1unroll,512,512,5,1234,not graded,simd,yes,0.840,15.60,3.80,718460018,182931223,930226,1.294750,116906379,33839531,369923,3.164267,0.047118,0.010395,isolated (naive baseline subtracted)
profile_simd_128bits1unroll_20260906_135240.log,simd,128bits1unroll,1024,1024,3,1234,not graded,naive (ref),yes,4.772,3.95,1.00,1303510765,271813181,3594760,2.757752,1087588944,220339456,2140651,1.968254,0.072987,0.056068,substituted from dedicated naive baseline log
profile_simd_128bits1unroll_20260906_135240.log,simd,128bits1unroll,1024,1024,3,1234,not graded,simd,yes,1.062,17.77,4.49,1303510765,271813181,3594760,2.757752,215921821,51473725,1454109,6.734424,0.072987,0.016919,isolated (naive baseline subtracted)
profile_simd_128bits1unroll_20260906_135240.log,simd,128bits1unroll,1024,1024,5,1234,not graded,naive (ref),yes,13.676,3.83,1.00,2847618415,724976121,3724099,1.307794,2380191527,589660167,2223300,0.934084,0.194130,0.157320,substituted from dedicated naive baseline log
profile_simd_128bits1unroll_20260906_135240.log,simd,128bits1unroll,1024,1024,5,1234,not graded,simd,yes,3.418,15.34,4.00,2847618415,724976121,3724099,1.307794,467426888,135315954,1500799,3.210767,0.194130,0.036810,isolated (naive baseline subtracted)
profile_simd_128bits1unroll_20260906_135240.log,simd,128bits1unroll,2048,2048,3,1234,not graded,naive (ref),yes,21.796,3.46,1.00,5179146220,1078015373,14576440,2.814448,4316227905,872280611,8641767,2.002157,0.323009,0.263616,substituted from dedicated naive baseline log
profile_simd_128bits1unroll_20260906_135240.log,simd,128bits1unroll,2048,2048,3,1234,not graded,simd,yes,4.900,15.41,4.45,5179146220,1078015373,14576440,2.814448,862918315,205734762,5934673,6.877445,0.323009,0.059393,isolated (naive baseline subtracted)
profile_simd_128bits1unroll_20260906_135240.log,simd,128bits1unroll,2048,2048,5,1234,not graded,naive (ref),yes,57.105,3.67,1.00,11356380981,2890855052,23359069,2.056911,9486414542,2349447435,13492458,1.422293,0.803523,0.650540,substituted from dedicated naive baseline log
profile_simd_128bits1unroll_20260906_135240.log,simd,128bits1unroll,2048,2048,5,1234,not graded,simd,yes,14.493,14.47,3.94,11356380981,2890855052,23359069,2.056911,1869966439,541407617,9866611,5.276357,0.803523,0.152983,isolated (naive baseline subtracted)
profile_simd_128bits1unroll_20260906_135240.log,simd,128bits1unroll,4096,4096,3,1234,not graded,naive (ref),yes,83.676,3.61,1.00,20696785706,4307179250,93772526,4.530777,17227392632,3479485120,56241129,3.264634,1.252356,1.022770,substituted from dedicated naive baseline log
profile_simd_128bits1unroll_20260906_135240.log,simd,128bits1unroll,4096,4096,3,1234,not graded,simd,yes,19.055,15.85,4.39,20696785706,4307179250,93772526,4.530777,3469393074,827694130,37531397,10.817857,1.252356,0.229586,isolated (naive baseline subtracted)
profile_simd_128bits1unroll_20260906_135240.log,simd,128bits1unroll,4096,4096,5,1234,not graded,naive (ref),yes,223.938,3.75,1.00,45384960326,11553068933,145243908,3.200265,37905679948,9387518813,79867109,2.106996,3.158681,2.496753,substituted from dedicated naive baseline log
profile_simd_128bits1unroll_20260906_135240.log,simd,128bits1unroll,4096,4096,5,1234,not graded,simd,yes,56.315,14.90,3.98,45384960326,11553068933,145243908,3.200265,7479280378,2165550120,65376799,8.741055,3.158681,0.661928,isolated (naive baseline subtracted)
profile_simd_128bits2unroll_20260906_135342.log,simd,128bits2unroll,512,512,3,1234,not graded,naive (ref),yes,1.195,3.95,1.00,317995119,67014744,910832,2.864296,278490924,56783492,549211,1.972097,0.017840,0.014643,substituted from dedicated naive baseline log
profile_simd_128bits2unroll_20260906_135342.log,simd,128bits2unroll,512,512,3,1234,not graded,simd,yes,0.149,31.75,8.04,317995119,67014744,910832,2.864296,39504195,10231252,361621,9.153990,0.017840,0.003197,isolated (naive baseline subtracted)
profile_simd_128bits2unroll_20260906_135342.log,simd,128bits2unroll,512,512,5,1234,not graded,naive (ref),yes,3.090,4.24,1.00,685606489,175044581,925568,1.349999,601553639,149091692,560303,0.931426,0.042101,0.036723,substituted from dedicated naive baseline log
profile_simd_128bits2unroll_20260906_135342.log,simd,128bits2unroll,512,512,5,1234,not graded,simd,yes,0.425,30.87,7.28,685606489,175044581,925568,1.349999,84052850,25952889,365265,4.345659,0.042101,0.005378,isolated (naive baseline subtracted)
profile_simd_128bits2unroll_20260906_135342.log,simd,128bits2unroll,1024,1024,3,1234,not graded,naive (ref),yes,4.553,4.15,1.00,1245667967,261289137,3591931,2.883538,1087588944,220339456,2140651,1.968254,0.066756,0.056068,substituted from dedicated naive baseline log
profile_simd_128bits2unroll_20260906_135342.log,simd,128bits2unroll,1024,1024,3,1234,not graded,simd,yes,0.644,29.31,7.07,1245667967,261289137,3591931,2.883538,158079023,40949681,1451280,9.180725,0.066756,0.010688,isolated (naive baseline subtracted)
profile_simd_128bits2unroll_20260906_135342.log,simd,128bits2unroll,1024,1024,5,1234,not graded,naive (ref),yes,13.679,3.83,1.00,2716721396,693552186,3724354,1.370900,2380191527,589660167,2223300,0.934084,0.177690,0.157320,substituted from dedicated naive baseline log
profile_simd_128bits2unroll_20260906_135342.log,simd,128bits2unroll,1024,1024,5,1234,not graded,simd,yes,1.789,29.31,7.65,2716721396,693552186,3724354,1.370900,336529869,103892019,1501054,4.460389,0.177690,0.020370,isolated (naive baseline subtracted)
profile_simd_128bits2unroll_20260906_135342.log,simd,128bits2unroll,2048,2048,3,1234,not graded,naive (ref),yes,21.481,3.51,1.00,4948416076,1036064035,14617345,2.953944,4316227905,872280611,8641767,2.002157,0.306609,0.263616,substituted from dedicated naive baseline log
profile_simd_128bits2unroll_20260906_135342.log,simd,128bits2unroll,2048,2048,3,1234,not graded,simd,yes,3.061,24.66,7.02,4948416076,1036064035,14617345,2.953944,632188171,163783424,5975578,9.452214,0.306609,0.042993,isolated (naive baseline subtracted)
profile_simd_128bits2unroll_20260906_135342.log,simd,128bits2unroll,2048,2048,5,1234,not graded,naive (ref),yes,58.030,3.61,1.00,10832161543,2765020638,23744928,2.192077,9486414542,2349447435,13492458,1.422293,0.766027,0.650540,substituted from dedicated naive baseline log
profile_simd_128bits2unroll_20260906_135342.log,simd,128bits2unroll,2048,2048,5,1234,not graded,simd,yes,7.753,27.05,7.48,10832161543,2765020638,23744928,2.192077,1345747001,415573203,10252470,7.618423,0.766027,0.115487,isolated (naive baseline subtracted)
profile_simd_128bits2unroll_20260906_135342.log,simd,128bits2unroll,4096,4096,3,1234,not graded,naive (ref),yes,80.834,3.74,1.00,19754350429,4134233102,94739112,4.795861,17227392632,3479485120,56241129,3.264634,1.155456,1.022770,substituted from dedicated naive baseline log
profile_simd_128bits2unroll_20260906_135342.log,simd,128bits2unroll,4096,4096,3,1234,not graded,simd,yes,13.044,23.15,6.20,19754350429,4134233102,94739112,4.795861,2526957797,654747982,38497983,15.234913,1.155456,0.132686,isolated (naive baseline subtracted)
profile_simd_128bits2unroll_20260906_135342.log,simd,128bits2unroll,4096,4096,5,1234,not graded,naive (ref),yes,223.294,3.76,1.00,43287795780,11049715105,145084633,3.351629,37905679948,9387518813,79867109,2.106996,2.930167,2.496753,substituted from dedicated naive baseline log
profile_simd_128bits2unroll_20260906_135342.log,simd,128bits2unroll,4096,4096,5,1234,not graded,simd,yes,33.910,24.74,6.58,43287795780,11049715105,145084633,3.351629,5382115832,1662196292,65217524,12.117451,2.930167,0.433415,isolated (naive baseline subtracted)
profile_simd_128bits4unroll_20260906_135437.log,simd,128bits4unroll,512,512,3,1234,not graded,naive (ref),yes,1.031,4.58,1.00,303668964,65405589,912280,3.004192,278490924,56783492,549211,1.972097,0.020077,0.014643,substituted from dedicated naive baseline log
profile_simd_128bits4unroll_20260906_135437.log,simd,128bits4unroll,512,512,3,1234,not graded,simd,yes,0.103,45.62,9.97,303668964,65405589,912280,3.004192,25178040,8622097,363069,14.420066,0.020077,0.005435,isolated (naive baseline subtracted)
profile_simd_128bits4unroll_20260906_135437.log,simd,128bits4unroll,512,512,5,1234,not graded,naive (ref),yes,3.048,4.30,1.00,654605020,170823560,924086,1.411670,601553639,149091692,560303,0.931426,0.040713,0.036723,substituted from dedicated naive baseline log
profile_simd_128bits4unroll_20260906_135437.log,simd,128bits4unroll,512,512,5,1234,not graded,simd,yes,0.323,40.58,9.44,654605020,170823560,924086,1.411670,53051381,21731868,363783,6.857182,0.040713,0.003990,isolated (naive baseline subtracted)
profile_simd_128bits4unroll_20260906_135437.log,simd,128bits4unroll,1024,1024,3,1234,not graded,naive (ref),yes,4.600,4.10,1.00,1188222790,254805120,3593322,3.024115,1087588944,220339456,2140651,1.968254,0.065680,0.056068,substituted from dedicated naive baseline log
profile_simd_128bits4unroll_20260906_135437.log,simd,128bits4unroll,1024,1024,3,1234,not graded,simd,yes,0.438,43.05,10.49,1188222790,254805120,3593322,3.024115,100633846,34465664,1452671,14.435213,0.065680,0.009612,isolated (naive baseline subtracted)
profile_simd_128bits4unroll_20260906_135437.log,simd,128bits4unroll,1024,1024,5,1234,not graded,naive (ref),yes,13.676,3.83,1.00,2592232950,676544979,3750177,1.446698,2380191527,589660167,2223300,0.934084,0.183990,0.157320,substituted from dedicated naive baseline log
profile_simd_128bits4unroll_20260906_135437.log,simd,128bits4unroll,1024,1024,5,1234,not graded,simd,yes,1.202,43.64,11.38,2592232950,676544979,3750177,1.446698,212041423,86884812,1526877,7.200843,0.183990,0.026670,isolated (naive baseline subtracted)
profile_simd_128bits4unroll_20260906_135437.log,simd,128bits4unroll,2048,2048,3,1234,not graded,naive (ref),yes,23.259,3.25,1.00,4717511342,1009840415,14795244,3.136239,4316227905,872280611,8641767,2.002157,0.298019,0.263616,substituted from dedicated naive baseline log
profile_simd_128bits4unroll_20260906_135437.log,simd,128bits4unroll,2048,2048,3,1234,not graded,simd,yes,2.190,34.48,10.62,4717511342,1009840415,14795244,3.136239,401283437,137559804,6153477,15.334490,0.298019,0.034403,isolated (naive baseline subtracted)
profile_simd_128bits4unroll_20260906_135437.log,simd,128bits4unroll,2048,2048,5,1234,not graded,naive (ref),yes,56.634,3.70,1.00,10333549107,2696773702,22542216,2.181459,9486414542,2349447435,13492458,1.422293,0.712405,0.650540,substituted from dedicated naive baseline log
profile_simd_128bits4unroll_20260906_135437.log,simd,128bits4unroll,2048,2048,5,1234,not graded,simd,yes,5.784,36.26,9.79,10333549107,2696773702,22542216,2.181459,847134565,347326267,9049758,10.682787,0.712405,0.061865,isolated (naive baseline subtracted)
profile_simd_128bits4unroll_20260906_135437.log,simd,128bits4unroll,4096,4096,3,1234,not graded,naive (ref),yes,88.828,3.40,1.00,18831988162,4029586413,96874002,5.144120,17227392632,3479485120,56241129,3.264634,1.202431,1.022770,substituted from dedicated naive baseline log
profile_simd_128bits4unroll_20260906_135437.log,simd,128bits4unroll,4096,4096,3,1234,not graded,simd,yes,11.010,27.43,8.07,18831988162,4029586413,96874002,5.144120,1604595530,550101293,40632873,25.322813,1.202431,0.179661,isolated (naive baseline subtracted)
profile_simd_128bits4unroll_20260906_135437.log,simd,128bits4unroll,4096,4096,5,1234,not graded,naive (ref),yes,221.044,3.79,1.00,41294190882,10776830920,145054370,3.512706,37905679948,9387518813,79867109,2.106996,2.812369,2.496753,substituted from dedicated naive baseline log
profile_simd_128bits4unroll_20260906_135437.log,simd,128bits4unroll,4096,4096,5,1234,not graded,simd,yes,23.504,35.69,9.40,41294190882,10776830920,145054370,3.512706,3388510934,1389312107,65187261,19.237731,2.812369,0.315617,isolated (naive baseline subtracted)
profile_simd_256bits1unroll_20260906_135643.log,simd,256bits1unroll,512,512,3,1234,not graded,naive (ref),yes,0.983,4.80,1.00,306505670,63732013,909515,2.967368,278490924,56783492,549211,1.972097,0.013130,0.014643,substituted from dedicated naive baseline log
profile_simd_256bits1unroll_20260906_135643.log,simd,256bits1unroll,512,512,3,1234,not graded,simd,yes,0.125,37.68,7.85,306505670,63732013,909515,2.967368,28014746,6948521,360304,12.861227,0.013130,-0.001513,isolated (naive baseline subtracted)
profile_simd_256bits1unroll_20260906_135643.log,simd,256bits1unroll,512,512,5,1234,not graded,naive (ref),yes,3.154,4.16,1.00,661063555,166537135,947871,1.433858,601553639,149091692,560303,0.931426,0.043216,0.036723,substituted from dedicated naive baseline log
profile_simd_256bits1unroll_20260906_135643.log,simd,256bits1unroll,512,512,5,1234,not graded,simd,yes,0.448,29.28,7.05,661063555,166537135,947871,1.433858,59509916,17445443,387568,6.512663,0.043216,0.006493,isolated (naive baseline subtracted)
profile_simd_256bits1unroll_20260906_135643.log,simd,256bits1unroll,1024,1024,3,1234,not graded,naive (ref),yes,4.862,3.88,1.00,1199912981,248210145,3591518,2.993149,1087588944,220339456,2140651,1.968254,0.068175,0.056068,substituted from dedicated naive baseline log
profile_simd_256bits1unroll_20260906_135643.log,simd,256bits1unroll,1024,1024,3,1234,not graded,simd,yes,0.545,34.63,8.92,1199912981,248210145,3591518,2.993149,112324037,27870689,1450867,12.916799,0.068175,0.012107,isolated (naive baseline subtracted)
profile_simd_256bits1unroll_20260906_135643.log,simd,256bits1unroll,1024,1024,5,1234,not graded,naive (ref),yes,13.860,3.78,1.00,2618170685,659431020,3750587,1.432522,2380191527,589660167,2223300,0.934084,0.181034,0.157320,substituted from dedicated naive baseline log
profile_simd_256bits1unroll_20260906_135643.log,simd,256bits1unroll,1024,1024,5,1234,not graded,simd,yes,1.782,29.43,7.78,2618170685,659431020,3750587,1.432522,237979158,69770853,1527287,6.417734,0.181034,0.023714,isolated (naive baseline subtracted)
profile_simd_256bits1unroll_20260906_135643.log,simd,256bits1unroll,2048,2048,3,1234,not graded,naive (ref),yes,22.081,3.42,1.00,4764865688,983634335,14622193,3.068752,4316227905,872280611,8641767,2.002157,0.308356,0.263616,substituted from dedicated naive baseline log
profile_simd_256bits1unroll_20260906_135643.log,simd,256bits1unroll,2048,2048,3,1234,not graded,simd,yes,2.877,26.24,7.67,4764865688,983634335,14622193,3.068752,448637783,111353724,5980426,13.330188,0.308356,0.044739,isolated (naive baseline subtracted)
profile_simd_256bits1unroll_20260906_135643.log,simd,256bits1unroll,2048,2048,5,1234,not graded,naive (ref),yes,57.662,3.64,1.00,10438829276,2628685360,23522306,2.253347,9486414542,2349447435,13492458,1.422293,0.744421,0.650540,substituted from dedicated naive baseline log
profile_simd_256bits1unroll_20260906_135643.log,simd,256bits1unroll,2048,2048,5,1234,not graded,simd,yes,7.794,26.91,7.40,10438829276,2628685360,23522306,2.253347,952414734,279237925,10029848,10.530967,0.744421,0.093881,isolated (naive baseline subtracted)
profile_simd_256bits1unroll_20260906_135643.log,simd,256bits1unroll,4096,4096,3,1234,not graded,naive (ref),yes,83.904,3.60,1.00,19020572294,3924591453,96999169,5.099698,17227392632,3479485120,56241129,3.264634,1.176146,1.022770,substituted from dedicated naive baseline log
profile_simd_256bits1unroll_20260906_135643.log,simd,256bits1unroll,4096,4096,3,1234,not graded,simd,yes,11.826,25.54,7.10,19020572294,3924591453,96999169,5.099698,1793179662,445106333,40758040,22.729479,1.176146,0.153376,isolated (naive baseline subtracted)
profile_simd_256bits1unroll_20260906_135643.log,simd,256bits1unroll,4096,4096,5,1234,not graded,naive (ref),yes,227.754,3.68,1.00,41714570410,10504391649,145215916,3.481180,37905679948,9387518813,79867109,2.106996,2.968631,2.496753,substituted from dedicated naive baseline log
profile_simd_256bits1unroll_20260906_135643.log,simd,256bits1unroll,4096,4096,5,1234,not graded,simd,yes,31.536,26.60,7.22,41714570410,10504391649,145215916,3.481180,3808890462,1116872836,65348807,17.156914,2.968631,0.471879,isolated (naive baseline subtracted)
profile_simd_256bits2unroll_20260906_135744.log,simd,256bits2unroll,512,512,3,1234,not graded,naive (ref),yes,1.000,4.72,1.00,297993264,62264900,910343,3.054911,278490924,56783492,549211,1.972097,0.016088,0.014643,substituted from dedicated naive baseline log
profile_simd_256bits2unroll_20260906_135744.log,simd,256bits2unroll,512,512,3,1234,not graded,simd,yes,0.080,58.99,12.51,297993264,62264900,910343,3.054911,19502340,5481408,361132,18.517368,0.016088,0.001445,isolated (naive baseline subtracted)
profile_simd_256bits2unroll_20260906_135744.log,simd,256bits2unroll,512,512,5,1234,not graded,naive (ref),yes,3.079,4.26,1.00,642412106,162450224,923842,1.438083,601553639,149091692,560303,0.931426,0.039648,0.036723,substituted from dedicated naive baseline log
profile_simd_256bits2unroll_20260906_135744.log,simd,256bits2unroll,512,512,5,1234,not graded,simd,yes,0.211,62.07,14.58,642412106,162450224,923842,1.438083,40858467,13358532,363539,8.897519,0.039648,0.002924,isolated (naive baseline subtracted)
profile_simd_256bits2unroll_20260906_135744.log,simd,256bits2unroll,1024,1024,3,1234,not graded,naive (ref),yes,4.809,3.92,1.00,1165702015,242289650,3588247,3.078185,1087588944,220339456,2140651,1.968254,0.065373,0.056068,substituted from dedicated naive baseline log
profile_simd_256bits2unroll_20260906_135744.log,simd,256bits2unroll,1024,1024,3,1234,not graded,simd,yes,0.333,56.63,14.43,1165702015,242289650,3588247,3.078185,78113071,21950194,1447596,18.532058,0.065373,0.009305,isolated (naive baseline subtracted)
profile_simd_256bits2unroll_20260906_135744.log,simd,256bits2unroll,1024,1024,5,1234,not graded,naive (ref),yes,13.737,3.82,1.00,2543360100,643021444,3708035,1.457928,2380191527,589660167,2223300,0.934084,0.172307,0.157320,substituted from dedicated naive baseline log
profile_simd_256bits2unroll_20260906_135744.log,simd,256bits2unroll,1024,1024,5,1234,not graded,simd,yes,0.888,59.02,15.46,2543360100,643021444,3708035,1.457928,163168573,53361277,1484735,9.099393,0.172307,0.014987,isolated (naive baseline subtracted)
profile_simd_256bits2unroll_20260906_135744.log,simd,256bits2unroll,2048,2048,3,1234,not graded,naive (ref),yes,21.216,3.56,1.00,4628195071,959959000,14634125,3.161951,4316227905,872280611,8641767,2.002157,0.289885,0.263616,substituted from dedicated naive baseline log
profile_simd_256bits2unroll_20260906_135744.log,simd,256bits2unroll,2048,2048,3,1234,not graded,simd,yes,2.007,37.62,10.57,4628195071,959959000,14634125,3.161951,311967166,87678389,5992358,19.208297,0.289885,0.026268,isolated (naive baseline subtracted)
profile_simd_256bits2unroll_20260906_135744.log,simd,256bits2unroll,2048,2048,5,1234,not graded,naive (ref),yes,57.633,3.64,1.00,10139585798,2563058633,22364898,2.205701,9486414542,2349447435,13492458,1.422293,0.714152,0.650540,substituted from dedicated naive baseline log
profile_simd_256bits2unroll_20260906_135744.log,simd,256bits2unroll,2048,2048,5,1234,not graded,simd,yes,4.500,46.60,12.81,10139585798,2563058633,22364898,2.205701,653171256,213611198,8872440,13.583635,0.714152,0.063612,isolated (naive baseline subtracted)
profile_simd_256bits2unroll_20260906_135744.log,simd,256bits2unroll,4096,4096,3,1234,not graded,naive (ref),yes,84.441,3.58,1.00,18485156859,3832823108,97284461,5.262842,17227392632,3479485120,56241129,3.264634,1.170923,1.022770,substituted from dedicated naive baseline log
profile_simd_256bits2unroll_20260906_135744.log,simd,256bits2unroll,4096,4096,3,1234,not graded,simd,yes,9.841,30.69,8.58,18485156859,3832823108,97284461,5.262842,1257764227,353337988,41043332,32.631976,1.170923,0.148153,isolated (naive baseline subtracted)
profile_simd_256bits2unroll_20260906_135744.log,simd,256bits2unroll,4096,4096,5,1234,not graded,naive (ref),yes,226.069,3.71,1.00,40517797895,10241892175,145192235,3.583419,37905679948,9387518813,79867109,2.106996,2.830356,2.496753,substituted from dedicated naive baseline log
profile_simd_256bits2unroll_20260906_135744.log,simd,256bits2unroll,4096,4096,5,1234,not graded,simd,yes,18.155,46.21,12.45,40517797895,10241892175,145192235,3.583419,2612117947,854373362,65325126,25.008490,2.830356,0.333603,isolated (naive baseline subtracted)
profile_simd_512bits1unroll_20260906_135852.log,simd,512bits1unroll,512,512,3,1234,not graded,naive (ref),yes,1.050,4.49,1.00,293465415,60772858,906053,3.087427,278490924,56783492,549211,1.972097,0.016133,0.014643,substituted from dedicated naive baseline log
profile_simd_512bits1unroll_20260906_135852.log,simd,512bits1unroll,512,512,3,1234,not graded,simd,yes,0.097,48.63,10.82,293465415,60772858,906053,3.087427,14974491,3989366,356842,23.829992,0.016133,0.001491,isolated (naive baseline subtracted)
profile_simd_512bits1unroll_20260906_135852.log,simd,512bits1unroll,512,512,5,1234,not graded,naive (ref),yes,3.437,3.81,1.00,632384217,158349989,928045,1.467533,601553639,149091692,560303,0.931426,0.044310,0.036723,substituted from dedicated naive baseline log
profile_simd_512bits1unroll_20260906_135852.log,simd,512bits1unroll,512,512,5,1234,not graded,simd,yes,0.238,55.05,14.43,632384217,158349989,928045,1.467533,30830578,9258297,367742,11.927833,0.044310,0.007587,isolated (naive baseline subtracted)
profile_simd_512bits1unroll_20260906_135852.log,simd,512bits1unroll,1024,1024,3,1234,not graded,naive (ref),yes,5.068,3.72,1.00,1148102228,236421724,3586879,3.124181,1087588944,220339456,2140651,1.968254,0.068531,0.056068,substituted from dedicated naive baseline log
profile_simd_512bits1unroll_20260906_135852.log,simd,512bits1unroll,1024,1024,3,1234,not graded,simd,yes,0.343,55.00,14.77,1148102228,236421724,3586879,3.124181,60513284,16082268,1446228,23.899347,0.068531,0.012463,isolated (naive baseline subtracted)
profile_simd_512bits1unroll_20260906_135852.log,simd,512bits1unroll,1024,1024,5,1234,not graded,naive (ref),yes,13.929,3.76,1.00,2503560540,626692350,3703923,1.479462,2380191527,589660167,2223300,0.934084,0.174219,0.157320,substituted from dedicated naive baseline log
profile_simd_512bits1unroll_20260906_135852.log,simd,512bits1unroll,1024,1024,5,1234,not graded,simd,yes,0.910,57.60,15.30,2503560540,626692350,3703923,1.479462,123369013,37032183,1480623,12.001579,0.174219,0.016899,isolated (naive baseline subtracted)
profile_simd_512bits1unroll_20260906_135852.log,simd,512bits1unroll,2048,2048,3,1234,not graded,naive (ref),yes,20.820,3.63,1.00,4557069528,936321312,14456255,3.172270,4316227905,872280611,8641767,2.002157,0.287021,0.263616,substituted from dedicated naive baseline log
profile_simd_512bits1unroll_20260906_135852.log,simd,512bits1unroll,2048,2048,3,1234,not graded,simd,yes,1.958,38.55,10.63,4557069528,936321312,14456255,3.172270,240841623,64040701,5814488,24.142372,0.287021,0.023405,isolated (naive baseline subtracted)
profile_simd_512bits1unroll_20260906_135852.log,simd,512bits1unroll,2048,2048,5,1234,not graded,naive (ref),yes,59.152,3.55,1.00,9979082078,2497418938,21922392,2.196835,9486414542,2349447435,13492458,1.422293,0.729507,0.650540,substituted from dedicated naive baseline log
profile_simd_512bits1unroll_20260906_135852.log,simd,512bits1unroll,2048,2048,5,1234,not graded,simd,yes,4.568,45.91,12.95,9979082078,2497418938,21922392,2.196835,492667536,147971503,8429934,17.110797,0.729507,0.078967,isolated (naive baseline subtracted)
profile_simd_512bits1unroll_20260906_135852.log,simd,512bits1unroll,4096,4096,3,1234,not graded,naive (ref),yes,90.849,3.32,1.00,18191929070,3735877376,98158925,5.395740,17227392632,3479485120,56241129,3.264634,1.219440,1.022770,substituted from dedicated naive baseline log
profile_simd_512bits1unroll_20260906_135852.log,simd,512bits1unroll,4096,4096,3,1234,not graded,simd,yes,9.671,31.23,9.39,18191929070,3735877376,98158925,5.395740,964536438,256392256,41917796,43.459007,1.219440,0.196670,isolated (naive baseline subtracted)
profile_simd_512bits1unroll_20260906_135852.log,simd,512bits1unroll,4096,4096,5,1234,not graded,naive (ref),yes,221.500,3.79,1.00,39877958076,9979722075,145035693,3.636989,37905679948,9387518813,79867109,2.106996,2.744773,2.496753,substituted from dedicated naive baseline log
profile_simd_512bits1unroll_20260906_135852.log,simd,512bits1unroll,4096,4096,5,1234,not graded,simd,yes,17.397,48.22,12.73,39877958076,9979722075,145035693,3.636989,1972278128,592203262,65168584,33.042289,2.744773,0.248021,isolated (naive baseline subtracted)
profile_tile_tileSize1024_20260906_125234.log,tile,tileSize1024,512,512,3,1234,not graded,naive (ref),yes,0.995,4.74,1.00,511529548,105092595,910793,1.780529,278490924,56783492,549211,1.972097,0.025315,0.014643,substituted from dedicated naive baseline log
profile_tile_tileSize1024_20260906_125234.log,tile,tileSize1024,512,512,3,1234,not graded,tile,yes,0.981,4.81,1.01,511529548,105092595,910793,1.780529,233038624,48309103,361582,1.551597,0.025315,0.010673,isolated (naive baseline subtracted)
profile_tile_tileSize1024_20260906_125234.log,tile,tileSize1024,512,512,5,1234,not graded,naive (ref),yes,3.112,4.21,1.00,1128178889,281287164,934520,0.828344,601553639,149091692,560303,0.931426,0.072344,0.036723,substituted from dedicated naive baseline log
profile_tile_tileSize1024_20260906_125234.log,tile,tileSize1024,512,512,5,1234,not graded,tile,yes,3.383,3.87,0.92,1128178889,281287164,934520,0.828344,526625250,132195472,374217,0.710594,0.072344,0.035621,isolated (naive baseline subtracted)
profile_tile_tileSize1024_20260906_125234.log,tile,tileSize1024,1024,1024,3,1234,not graded,naive (ref),yes,4.540,4.16,1.00,2019648012,413526825,3635241,1.799938,1087588944,220339456,2140651,1.968254,0.107380,0.056068,substituted from dedicated naive baseline log
profile_tile_tileSize1024_20260906_125234.log,tile,tileSize1024,1024,1024,3,1234,not graded,tile,yes,4.452,4.24,1.02,2019648012,413526825,3635241,1.799938,932059068,193187369,1494590,1.603536,0.107380,0.051312,isolated (naive baseline subtracted)
profile_tile_tileSize1024_20260906_125234.log,tile,tileSize1024,1024,1024,5,1234,not graded,naive (ref),yes,14.079,3.72,1.00,4487268585,1118567926,3826756,0.852803,2380191527,589660167,2223300,0.934084,0.313680,0.157320,substituted from dedicated naive baseline log
profile_tile_tileSize1024_20260906_125234.log,tile,tileSize1024,1024,1024,5,1234,not graded,tile,yes,14.815,3.54,0.95,4487268585,1118567926,3826756,0.852803,2107077058,528907759,1603456,0.760986,0.313680,0.156360,isolated (naive baseline subtracted)
profile_tile_tileSize1024_20260906_125234.log,tile,tileSize1024,2048,2048,3,1234,not graded,naive (ref),yes,20.620,3.66,1.00,8043267600,1644769737,14795807,1.839527,4316227905,872280611,8641767,2.002157,0.465999,0.263616,substituted from dedicated naive baseline log
profile_tile_tileSize1024_20260906_125234.log,tile,tileSize1024,2048,2048,3,1234,not graded,tile,yes,20.287,3.72,1.02,8043267600,1644769737,14795807,1.839527,3727039695,772489126,6154040,1.651187,0.465999,0.202383,isolated (naive baseline subtracted)
profile_tile_tileSize1024_20260906_125234.log,tile,tileSize1024,2048,2048,5,1234,not graded,naive (ref),yes,59.018,3.55,1.00,17914136110,4464953097,20418487,1.139797,9486414542,2349447435,13492458,1.422293,1.266609,0.650540,substituted from dedicated naive baseline log
profile_tile_tileSize1024_20260906_125234.log,tile,tileSize1024,2048,2048,5,1234,not graded,tile,yes,57.771,3.63,1.02,17914136110,4464953097,20418487,1.139797,8427721568,2115505662,6926029,0.821815,1.266609,0.616069,isolated (naive baseline subtracted)
profile_tile_tileSize1024_20260906_125234.log,tile,tileSize1024,4096,4096,3,1234,not graded,naive (ref),yes,81.441,3.71,1.00,32135706807,6569469112,80262811,2.497621,17227392632,3479485120,56241129,3.264634,1.811187,1.022770,substituted from dedicated naive baseline log
profile_tile_tileSize1024_20260906_125234.log,tile,tileSize1024,4096,4096,3,1234,not graded,tile,yes,77.867,3.88,1.05,32135706807,6569469112,80262811,2.497621,14908314175,3089983992,24021682,1.611294,1.811187,0.788417,isolated (naive baseline subtracted)
profile_tile_tileSize1024_20260906_125234.log,tile,tileSize1024,4096,4096,5,1234,not graded,naive (ref),yes,222.396,3.77,1.00,71613575057,17848765988,105037702,1.466729,37905679948,9387518813,79867109,2.106996,4.858014,2.496753,substituted from dedicated naive baseline log
profile_tile_tileSize1024_20260906_125234.log,tile,tileSize1024,4096,4096,5,1234,not graded,tile,yes,226.613,3.70,0.98,71613575057,17848765988,105037702,1.466729,33707895109,8461247175,25170593,0.746727,4.858014,2.361261,isolated (naive baseline subtracted)
profile_tile_tileSize128_20260906_124904.log,tile,tileSize128,512,512,3,1234,not graded,naive (ref),yes,0.990,4.77,1.00,519759045,105218331,979676,1.884866,278490924,56783492,549211,1.972097,0.025333,0.014643,substituted from dedicated naive baseline log
profile_tile_tileSize128_20260906_124904.log,tile,tileSize128,512,512,3,1234,not graded,tile,yes,1.052,4.49,0.94,519759045,105218331,979676,1.884866,241268121,48434839,430465,1.784177,0.025333,0.010690,isolated (naive baseline subtracted)
profile_tile_tileSize128_20260906_124904.log,tile,tileSize128,512,512,5,1234,not graded,naive (ref),yes,3.160,4.15,1.00,1141841958,281455948,1015689,0.889518,601553639,149091692,560303,0.931426,0.073207,0.036723,substituted from dedicated naive baseline log
profile_tile_tileSize128_20260906_124904.log,tile,tileSize128,512,512,5,1234,not graded,tile,yes,3.351,3.91,0.94,1141841958,281455948,1015689,0.889518,540288319,132364256,455386,0.842857,0.073207,0.036484,isolated (naive baseline subtracted)
profile_tile_tileSize128_20260906_124904.log,tile,tileSize128,1024,1024,3,1234,not graded,naive (ref),yes,4.657,4.05,1.00,2053331322,414243145,3943419,1.920498,1087588944,220339456,2140651,1.968254,0.111079,0.056068,substituted from dedicated naive baseline log
profile_tile_tileSize128_20260906_124904.log,tile,tileSize128,1024,1024,3,1234,not graded,tile,yes,4.727,3.99,0.99,2053331322,414243145,3943419,1.920498,965742378,193903689,1802768,1.866717,0.111079,0.055011,isolated (naive baseline subtracted)
profile_tile_tileSize128_20260906_124904.log,tile,tileSize128,1024,1024,5,1234,not graded,naive (ref),yes,13.976,3.75,1.00,4541928024,1119274147,4009754,0.882831,2380191527,589660167,2223300,0.934084,0.327982,0.157320,substituted from dedicated naive baseline log
profile_tile_tileSize128_20260906_124904.log,tile,tileSize128,1024,1024,5,1234,not graded,tile,yes,14.783,3.55,0.95,4541928024,1119274147,4009754,0.882831,2161736497,529613980,1786454,0.826398,0.327982,0.170662,isolated (naive baseline subtracted)
profile_tile_tileSize128_20260906_124904.log,tile,tileSize128,2048,2048,3,1234,not graded,naive (ref),yes,20.984,3.60,1.00,8178409869,1647678773,15711843,1.921137,4316227905,872280611,8641767,2.002157,0.484490,0.263616,substituted from dedicated naive baseline log
profile_tile_tileSize128_20260906_124904.log,tile,tileSize128,2048,2048,3,1234,not graded,tile,yes,21.386,3.53,0.98,8178409869,1647678773,15711843,1.921137,3862181964,775398162,7070076,1.830591,0.484490,0.220874,isolated (naive baseline subtracted)
profile_tile_tileSize128_20260906_124904.log,tile,tileSize128,2048,2048,5,1234,not graded,naive (ref),yes,56.898,3.69,1.00,18133097262,4467833957,20673476,1.140096,9486414542,2349447435,13492458,1.422293,1.263551,0.650540,substituted from dedicated naive baseline log
profile_tile_tileSize128_20260906_124904.log,tile,tileSize128,2048,2048,5,1234,not graded,tile,yes,58.765,3.57,0.97,18133097262,4467833957,20673476,1.140096,8646682720,2118386522,7181018,0.830494,1.263551,0.613011,isolated (naive baseline subtracted)
profile_tile_tileSize128_20260906_124904.log,tile,tileSize128,4096,4096,3,1234,not graded,naive (ref),yes,81.094,3.72,1.00,32675952846,6581014566,83974998,2.569933,17227392632,3479485120,56241129,3.264634,1.838614,1.022770,substituted from dedicated naive baseline log
profile_tile_tileSize128_20260906_124904.log,tile,tileSize128,4096,4096,3,1234,not graded,tile,yes,81.697,3.70,0.99,32675952846,6581014566,83974998,2.569933,15448560214,3101529446,27733869,1.795240,1.838614,0.815844,isolated (naive baseline subtracted)
profile_tile_tileSize128_20260906_124904.log,tile,tileSize128,4096,4096,5,1234,not graded,naive (ref),yes,223.300,3.76,1.00,72489912953,17860447371,107691290,1.485604,37905679948,9387518813,79867109,2.106996,4.870020,2.496753,substituted from dedicated naive baseline log
profile_tile_tileSize128_20260906_124904.log,tile,tileSize128,4096,4096,5,1234,not graded,tile,yes,227.959,3.68,0.98,72489912953,17860447371,107691290,1.485604,34584233005,8472928558,27824181,0.804534,4.870020,2.373268,isolated (naive baseline subtracted)
profile_tile_tileSize16_20260906_124556.log,tile,tileSize16,512,512,3,1234,not graded,naive (ref),yes,0.996,4.74,1.00,524650073,106716198,975010,1.858401,278490924,56783492,549211,1.972097,0.025994,0.014643,substituted from dedicated naive baseline log
profile_tile_tileSize16_20260906_124556.log,tile,tileSize16,512,512,3,1234,not graded,tile,yes,1.087,4.34,0.92,524650073,106716198,975010,1.858401,246159149,49932706,425799,1.729771,0.025994,0.011351,isolated (naive baseline subtracted)
profile_tile_tileSize16_20260906_124556.log,tile,tileSize16,512,512,5,1234,not graded,naive (ref),yes,3.555,3.69,1.00,1146710556,282953639,1022317,0.891521,601553639,149091692,560303,0.931426,0.082216,0.036723,substituted from dedicated naive baseline log
profile_tile_tileSize16_20260906_124556.log,tile,tileSize16,512,512,5,1234,not graded,tile,yes,3.919,3.34,0.91,1146710556,282953639,1022317,0.891521,545156917,133861947,462014,0.847488,0.082216,0.045493,isolated (naive baseline subtracted)
profile_tile_tileSize16_20260906_124556.log,tile,tileSize16,1024,1024,3,1234,not graded,naive (ref),yes,5.879,3.21,1.00,2072398140,420105516,5853697,2.824601,1087588944,220339456,2140651,1.968254,0.124379,0.056068,substituted from dedicated naive baseline log
profile_tile_tileSize16_20260906_124556.log,tile,tileSize16,1024,1024,3,1234,not graded,tile,yes,5.051,3.74,1.16,2072398140,420105516,5853697,2.824601,984809196,199766060,3713046,3.770320,0.124379,0.068311,isolated (naive baseline subtracted)
profile_tile_tileSize16_20260906_124556.log,tile,tileSize16,1024,1024,5,1234,not graded,naive (ref),yes,14.059,3.73,1.00,4561183770,1125181784,4979433,1.091698,2380191527,589660167,2223300,0.934084,0.331562,0.157320,substituted from dedicated naive baseline log
profile_tile_tileSize16_20260906_124556.log,tile,tileSize16,1024,1024,5,1234,not graded,tile,yes,15.673,3.35,0.90,4561183770,1125181784,4979433,1.091698,2180992243,535521617,2756133,1.263706,0.331562,0.174242,isolated (naive baseline subtracted)
profile_tile_tileSize16_20260906_124556.log,tile,tileSize16,2048,2048,3,1234,not graded,naive (ref),yes,22.233,3.40,1.00,8255231184,1671280691,23482254,2.844530,4316227905,872280611,8641767,2.002157,0.502319,0.263616,substituted from dedicated naive baseline log
profile_tile_tileSize16_20260906_124556.log,tile,tileSize16,2048,2048,3,1234,not graded,tile,yes,22.730,3.32,0.98,8255231184,1671280691,23482254,2.844530,3939003279,799000080,14840487,3.767574,0.502319,0.238703,isolated (naive baseline subtracted)
profile_tile_tileSize16_20260906_124556.log,tile,tileSize16,2048,2048,5,1234,not graded,naive (ref),yes,62.793,3.34,1.00,18210010979,4491459369,24402741,1.340073,9486414542,2349447435,13492458,1.422293,1.369972,0.650540,substituted from dedicated naive baseline log
profile_tile_tileSize16_20260906_124556.log,tile,tileSize16,2048,2048,5,1234,not graded,tile,yes,61.436,3.41,1.02,18210010979,4491459369,24402741,1.340073,8723596437,2142011934,10910283,1.250663,1.369972,0.719432,isolated (naive baseline subtracted)
profile_tile_tileSize16_20260906_124556.log,tile,tileSize16,4096,4096,3,1234,not graded,naive (ref),yes,82.424,3.66,1.00,32982791111,6675267548,115113977,3.490122,17227392632,3479485120,56241129,3.264634,1.853084,1.022770,substituted from dedicated naive baseline log
profile_tile_tileSize16_20260906_124556.log,tile,tileSize16,4096,4096,3,1234,not graded,tile,yes,81.916,3.69,1.01,32982791111,6675267548,115113977,3.490122,15755398479,3195782428,58872848,3.736678,1.853084,0.830314,isolated (naive baseline subtracted)
profile_tile_tileSize16_20260906_124556.log,tile,tileSize16,4096,4096,5,1234,not graded,naive (ref),yes,223.568,3.75,1.00,72796980519,17954780576,123244860,1.692994,37905679948,9387518813,79867109,2.106996,5.010515,2.496753,substituted from dedicated naive baseline log
profile_tile_tileSize16_20260906_124556.log,tile,tileSize16,4096,4096,5,1234,not graded,tile,yes,238.551,3.52,0.94,72796980519,17954780576,123244860,1.692994,34891300571,8567261763,43377751,1.243225,5.010515,2.513762,isolated (naive baseline subtracted)
profile_tile_tileSize256_20260906_124958.log,tile,tileSize256,512,512,3,1234,not graded,naive (ref),yes,1.028,4.59,1.00,511535057,105112459,946193,1.849713,278490924,56783492,549211,1.972097,0.025297,0.014643,substituted from dedicated naive baseline log
profile_tile_tileSize256_20260906_124958.log,tile,tileSize256,512,512,3,1234,not graded,tile,yes,1.002,4.71,1.03,511535057,105112459,946193,1.849713,233044133,48328967,396982,1.703463,0.025297,0.010654,isolated (naive baseline subtracted)
profile_tile_tileSize256_20260906_124958.log,tile,tileSize256,512,512,5,1234,not graded,naive (ref),yes,3.185,4.12,1.00,1128403132,281356721,971454,0.860910,601553639,149091692,560303,0.931426,0.073927,0.036723,substituted from dedicated naive baseline log
profile_tile_tileSize256_20260906_124958.log,tile,tileSize256,512,512,5,1234,not graded,tile,yes,3.401,3.85,0.94,1128403132,281356721,971454,0.860910,526849493,132265029,411151,0.780396,0.073927,0.037204,isolated (naive baseline subtracted)
profile_tile_tileSize256_20260906_124958.log,tile,tileSize256,1024,1024,3,1234,not graded,naive (ref),yes,4.665,4.05,1.00,2020185192,413742494,3763919,1.863155,1087588944,220339456,2140651,1.968254,0.108847,0.056068,substituted from dedicated naive baseline log
profile_tile_tileSize256_20260906_124958.log,tile,tileSize256,1024,1024,3,1234,not graded,tile,yes,4.449,4.24,1.05,2020185192,413742494,3763919,1.863155,932596248,193403038,1623268,1.740590,0.108847,0.052779,isolated (naive baseline subtracted)
profile_tile_tileSize256_20260906_124958.log,tile,tileSize256,1024,1024,5,1234,not graded,naive (ref),yes,13.793,3.80,1.00,4487947604,1118799492,3890300,0.866833,2380191527,589660167,2223300,0.934084,0.328587,0.157320,substituted from dedicated naive baseline log
profile_tile_tileSize256_20260906_124958.log,tile,tileSize256,1024,1024,5,1234,not graded,tile,yes,14.931,3.51,0.92,4487947604,1118799492,3890300,0.866833,2107756077,529139325,1667000,0.790888,0.328587,0.171267,isolated (naive baseline subtracted)
profile_tile_tileSize256_20260906_124958.log,tile,tileSize256,2048,2048,3,1234,not graded,naive (ref),yes,20.467,3.69,1.00,8047398087,1646017309,15181081,1.886458,4316227905,872280611,8641767,2.002157,0.470296,0.263616,substituted from dedicated naive baseline log
profile_tile_tileSize256_20260906_124958.log,tile,tileSize256,2048,2048,3,1234,not graded,tile,yes,19.391,3.89,1.06,8047398087,1646017309,15181081,1.886458,3731170182,773736698,6539314,1.752617,0.470296,0.206680,isolated (naive baseline subtracted)
profile_tile_tileSize256_20260906_124958.log,tile,tileSize256,2048,2048,5,1234,not graded,naive (ref),yes,56.350,3.72,1.00,17917892681,4466104267,20036718,1.118252,9486414542,2349447435,13492458,1.422293,1.278845,0.650540,substituted from dedicated naive baseline log
profile_tile_tileSize256_20260906_124958.log,tile,tileSize256,2048,2048,5,1234,not graded,tile,yes,58.957,3.56,0.96,17917892681,4466104267,20036718,1.118252,8431478139,2116656832,6544260,0.776170,1.278845,0.628305,isolated (naive baseline subtracted)
profile_tile_tileSize256_20260906_124958.log,tile,tileSize256,4096,4096,3,1234,not graded,naive (ref),yes,81.309,3.71,1.00,32151838093,6574355073,81745795,2.542492,17227392632,3479485120,56241129,3.264634,1.800363,1.022770,substituted from dedicated naive baseline log
profile_tile_tileSize256_20260906_124958.log,tile,tileSize256,4096,4096,3,1234,not graded,tile,yes,77.437,3.90,1.05,32151838093,6574355073,81745795,2.542492,14924445461,3094869953,25504666,1.708919,1.800363,0.777593,isolated (naive baseline subtracted)
profile_tile_tileSize256_20260906_124958.log,tile,tileSize256,4096,4096,5,1234,not graded,naive (ref),yes,223.608,3.75,1.00,71630876952,17853944013,105809013,1.477143,37905679948,9387518813,79867109,2.106996,4.879421,2.496753,substituted from dedicated naive baseline log
profile_tile_tileSize256_20260906_124958.log,tile,tileSize256,4096,4096,5,1234,not graded,tile,yes,227.466,3.69,0.98,71630876952,17853944013,105809013,1.477143,33725197004,8466425200,25941904,0.769214,4.879421,2.382669,isolated (naive baseline subtracted)
profile_tile_tileSize32_20260906_124742.log,tile,tileSize32,512,512,3,1234,not graded,naive (ref),yes,0.986,4.78,1.00,521779512,105844473,1160795,2.224685,278490924,56783492,549211,1.972097,0.025589,0.014643,substituted from dedicated naive baseline log
profile_tile_tileSize32_20260906_124742.log,tile,tileSize32,512,512,3,1234,not graded,tile,yes,1.090,4.33,0.90,521779512,105844473,1160795,2.224685,243288588,49060981,611584,2.513821,0.025589,0.010947,isolated (naive baseline subtracted)
profile_tile_tileSize32_20260906_124742.log,tile,tileSize32,512,512,5,1234,not graded,naive (ref),yes,3.208,4.09,1.00,1143899933,282090468,1046376,0.914744,601553639,149091692,560303,0.931426,0.073660,0.036723,substituted from dedicated naive baseline log
profile_tile_tileSize32_20260906_124742.log,tile,tileSize32,512,512,5,1234,not graded,tile,yes,3.421,3.83,0.94,1143899933,282090468,1046376,0.914744,542346294,132998776,486073,0.896241,0.073660,0.036937,isolated (naive baseline subtracted)
profile_tile_tileSize32_20260906_124742.log,tile,tileSize32,1024,1024,3,1234,not graded,naive (ref),yes,4.632,4.07,1.00,2061164588,416678919,4756041,2.307453,1087588944,220339456,2140651,1.968254,0.112406,0.056068,substituted from dedicated naive baseline log
profile_tile_tileSize32_20260906_124742.log,tile,tileSize32,1024,1024,3,1234,not graded,tile,yes,4.947,3.82,0.94,2061164588,416678919,4756041,2.307453,973575644,196339463,2615390,2.686376,0.112406,0.056338,isolated (naive baseline subtracted)
profile_tile_tileSize32_20260906_124742.log,tile,tileSize32,1024,1024,5,1234,not graded,naive (ref),yes,13.741,3.82,1.00,4549919357,1121754177,4714445,1.036160,2380191527,589660167,2223300,0.934084,0.337486,0.157320,substituted from dedicated naive baseline log
profile_tile_tileSize32_20260906_124742.log,tile,tileSize32,1024,1024,5,1234,not graded,tile,yes,15.961,3.28,0.86,4549919357,1121754177,4714445,1.036160,2169727830,532094010,2491145,1.148137,0.337486,0.180166,isolated (naive baseline subtracted)
profile_tile_tileSize32_20260906_124742.log,tile,tileSize32,2048,2048,3,1234,not graded,naive (ref),yes,20.238,3.73,1.00,8210578110,1657632824,18985685,2.312344,4316227905,872280611,8641767,2.002157,0.467660,0.263616,substituted from dedicated naive baseline log
profile_tile_tileSize32_20260906_124742.log,tile,tileSize32,2048,2048,3,1234,not graded,tile,yes,20.558,3.67,0.98,8210578110,1657632824,18985685,2.312344,3894350205,785352213,10343918,2.656135,0.467660,0.204043,isolated (naive baseline subtracted)
profile_tile_tileSize32_20260906_124742.log,tile,tileSize32,2048,2048,5,1234,not graded,naive (ref),yes,61.834,3.39,1.00,18164717302,4477664059,23321564,1.283894,9486414542,2349447435,13492458,1.422293,1.268143,0.650540,substituted from dedicated naive baseline log
profile_tile_tileSize32_20260906_124742.log,tile,tileSize32,2048,2048,5,1234,not graded,tile,yes,58.109,3.61,1.06,18164717302,4477664059,23321564,1.283894,8678302760,2128216624,9829106,1.132607,1.268143,0.617603,isolated (naive baseline subtracted)
profile_tile_tileSize32_20260906_124742.log,tile,tileSize32,4096,4096,3,1234,not graded,naive (ref),yes,78.774,3.83,1.00,32804705239,6620857489,97132434,2.960930,17227392632,3479485120,56241129,3.264634,1.812738,1.022770,substituted from dedicated naive baseline log
profile_tile_tileSize32_20260906_124742.log,tile,tileSize32,4096,4096,3,1234,not graded,tile,yes,81.741,3.69,0.96,32804705239,6620857489,97132434,2.960930,15577312607,3141372369,40891305,2.625055,1.812738,0.789968,isolated (naive baseline subtracted)
profile_tile_tileSize32_20260906_124742.log,tile,tileSize32,4096,4096,5,1234,not graded,naive (ref),yes,221.667,3.78,1.00,72619294157,17900457638,118957329,1.638095,37905679948,9387518813,79867109,2.106996,4.908703,2.496753,substituted from dedicated naive baseline log
profile_tile_tileSize32_20260906_124742.log,tile,tileSize32,4096,4096,5,1234,not graded,tile,yes,230.608,3.64,0.96,72619294157,17900457638,118957329,1.638095,34713614209,8512938825,39090220,1.126078,4.908703,2.411951,isolated (naive baseline subtracted)
profile_tile_tileSize512_20260906_125034.log,tile,tileSize512,512,512,3,1234,not graded,naive (ref),yes,0.984,4.79,1.00,511483979,105086645,915294,1.789487,278490924,56783492,549211,1.972097,0.024087,0.014643,substituted from dedicated naive baseline log
profile_tile_tileSize512_20260906_125034.log,tile,tileSize512,512,512,3,1234,not graded,tile,yes,1.031,4.58,0.95,511483979,105086645,915294,1.789487,232993055,48303153,366083,1.571219,0.024087,0.009444,isolated (naive baseline subtracted)
profile_tile_tileSize512_20260906_125034.log,tile,tileSize512,512,512,5,1234,not graded,naive (ref),yes,3.164,4.14,1.00,1130163707,281861709,993829,0.879367,601553639,149091692,560303,0.931426,0.075227,0.036723,substituted from dedicated naive baseline log
profile_tile_tileSize512_20260906_125034.log,tile,tileSize512,512,512,5,1234,not graded,tile,yes,3.406,3.85,0.93,1130163707,281861709,993829,0.879367,528610068,132770017,433526,0.820124,0.075227,0.038503,isolated (naive baseline subtracted)
profile_tile_tileSize512_20260906_125034.log,tile,tileSize512,1024,1024,3,1234,not graded,naive (ref),yes,4.554,4.14,1.00,2019701025,413570971,3672361,1.818270,1087588944,220339456,2140651,1.968254,0.108168,0.056068,substituted from dedicated naive baseline log
profile_tile_tileSize512_20260906_125034.log,tile,tileSize512,1024,1024,3,1234,not graded,tile,yes,4.680,4.03,0.97,2019701025,413570971,3672361,1.818270,932112081,193231515,1531710,1.643268,0.108168,0.052100,isolated (naive baseline subtracted)
profile_tile_tileSize512_20260906_125034.log,tile,tileSize512,1024,1024,5,1234,not graded,naive (ref),yes,14.218,3.69,1.00,4487683326,1118694444,3858463,0.859789,2380191527,589660167,2223300,0.934084,0.338581,0.157320,substituted from dedicated naive baseline log
profile_tile_tileSize512_20260906_125034.log,tile,tileSize512,1024,1024,5,1234,not graded,tile,yes,15.215,3.45,0.93,4487683326,1118694444,3858463,0.859789,2107491799,529034277,1635163,0.775881,0.338581,0.181261,isolated (naive baseline subtracted)
profile_tile_tileSize512_20260906_125034.log,tile,tileSize512,2048,2048,3,1234,not graded,naive (ref),yes,20.494,3.68,1.00,8044590439,1645174712,14894420,1.851483,4316227905,872280611,8641767,2.002157,0.460292,0.263616,substituted from dedicated naive baseline log
profile_tile_tileSize512_20260906_125034.log,tile,tileSize512,2048,2048,3,1234,not graded,tile,yes,19.809,3.81,1.03,8044590439,1645174712,14894420,1.851483,3728362534,772894101,6252653,1.677051,0.460292,0.196676,isolated (naive baseline subtracted)
profile_tile_tileSize512_20260906_125034.log,tile,tileSize512,2048,2048,5,1234,not graded,naive (ref),yes,57.962,3.62,1.00,17915377661,4465340607,20259217,1.130828,9486414542,2349447435,13492458,1.422293,1.285567,0.650540,substituted from dedicated naive baseline log
profile_tile_tileSize512_20260906_125034.log,tile,tileSize512,2048,2048,5,1234,not graded,tile,yes,60.193,3.48,0.96,17915377661,4465340607,20259217,1.130828,8428963119,2115893172,6766759,0.802799,1.285567,0.635027,isolated (naive baseline subtracted)
profile_tile_tileSize512_20260906_125034.log,tile,tileSize512,4096,4096,3,1234,not graded,naive (ref),yes,81.503,3.71,1.00,32140674033,6571000613,80687034,2.510434,17227392632,3479485120,56241129,3.264634,1.803260,1.022770,substituted from dedicated naive baseline log
profile_tile_tileSize512_20260906_125034.log,tile,tileSize512,4096,4096,3,1234,not graded,tile,yes,77.230,3.91,1.06,32140674033,6571000613,80687034,2.510434,14913281401,3091515493,24445905,1.639204,1.803260,0.780490,isolated (naive baseline subtracted)
profile_tile_tileSize512_20260906_125034.log,tile,tileSize512,4096,4096,5,1234,not graded,naive (ref),yes,225.048,3.73,1.00,71619597877,17850550318,104972029,1.465689,37905679948,9387518813,79867109,2.106996,4.876174,2.496753,substituted from dedicated naive baseline log
profile_tile_tileSize512_20260906_125034.log,tile,tileSize512,4096,4096,5,1234,not graded,tile,yes,227.665,3.68,0.99,71619597877,17850550318,104972029,1.465689,33713917929,8463031505,25104920,0.744646,4.876174,2.379421,isolated (naive baseline subtracted)
profile_tile_tileSize64_20260906_124815.log,tile,tileSize64,512,512,3,1234,not graded,naive (ref),yes,0.988,4.77,1.00,520476348,105439302,1046514,2.010685,278490924,56783492,549211,1.972097,0.027226,0.014643,substituted from dedicated naive baseline log
profile_tile_tileSize64_20260906_124815.log,tile,tileSize64,512,512,3,1234,not graded,tile,yes,1.065,4.43,0.93,520476348,105439302,1046514,2.010685,241985424,48655810,497303,2.055095,0.027226,0.012583,isolated (naive baseline subtracted)
profile_tile_tileSize64_20260906_124815.log,tile,tileSize64,512,512,5,1234,not graded,naive (ref),yes,3.228,4.06,1.00,1142429656,281646487,1049907,0.919012,601553639,149091692,560303,0.931426,0.072936,0.036723,substituted from dedicated naive baseline log
profile_tile_tileSize64_20260906_124815.log,tile,tileSize64,512,512,5,1234,not graded,tile,yes,3.392,3.86,0.95,1142429656,281646487,1049907,0.919012,540876017,132554795,489604,0.905206,0.072936,0.036212,isolated (naive baseline subtracted)
profile_tile_tileSize64_20260906_124815.log,tile,tileSize64,1024,1024,3,1234,not graded,naive (ref),yes,4.835,3.90,1.00,2055934038,415055926,4174338,2.030385,1087588944,220339456,2140651,1.968254,0.111777,0.056068,substituted from dedicated naive baseline log
profile_tile_tileSize64_20260906_124815.log,tile,tileSize64,1024,1024,3,1234,not graded,tile,yes,4.823,3.91,1.00,2055934038,415055926,4174338,2.030385,968345094,194716470,2033687,2.100168,0.111777,0.055708,isolated (naive baseline subtracted)
profile_tile_tileSize64_20260906_124815.log,tile,tileSize64,1024,1024,5,1234,not graded,naive (ref),yes,15.063,3.48,1.00,4544665059,1120120592,4274452,0.940543,2380191527,589660167,2223300,0.934084,0.344052,0.157320,substituted from dedicated naive baseline log
profile_tile_tileSize64_20260906_124815.log,tile,tileSize64,1024,1024,5,1234,not graded,tile,yes,15.076,3.48,1.00,4544665059,1120120592,4274452,0.940543,2164473532,530460425,2051152,0.947645,0.344052,0.186732,isolated (naive baseline subtracted)
profile_tile_tileSize64_20260906_124815.log,tile,tileSize64,2048,2048,3,1234,not graded,naive (ref),yes,20.323,3.71,1.00,8188979250,1650964840,16772050,2.048125,4316227905,872280611,8641767,2.002157,0.467503,0.263616,substituted from dedicated naive baseline log
profile_tile_tileSize64_20260906_124815.log,tile,tileSize64,2048,2048,3,1234,not graded,tile,yes,20.479,3.69,0.99,8188979250,1650964840,16772050,2.048125,3872751345,778684229,8130283,2.099356,0.467503,0.203887,isolated (naive baseline subtracted)
profile_tile_tileSize64_20260906_124815.log,tile,tileSize64,2048,2048,5,1234,not graded,naive (ref),yes,56.241,3.73,1.00,18143476690,4471080572,21551696,1.187848,9486414542,2349447435,13492458,1.422293,1.256425,0.650540,substituted from dedicated naive baseline log
profile_tile_tileSize64_20260906_124815.log,tile,tileSize64,2048,2048,5,1234,not graded,tile,yes,60.879,3.44,0.92,18143476690,4471080572,21551696,1.187848,8657062148,2121633137,8059238,0.930944,1.256425,0.605885,isolated (naive baseline subtracted)
profile_tile_tileSize64_20260906_124815.log,tile,tileSize64,4096,4096,3,1234,not graded,naive (ref),yes,81.146,3.72,1.00,32718237875,6594177716,88211033,2.696081,17227392632,3479485120,56241129,3.264634,1.845842,1.022770,substituted from dedicated naive baseline log
profile_tile_tileSize64_20260906_124815.log,tile,tileSize64,4096,4096,3,1234,not graded,tile,yes,81.854,3.69,0.99,32718237875,6594177716,88211033,2.696081,15490845243,3114692596,31969904,2.063793,1.845842,0.823072,isolated (naive baseline subtracted)
profile_tile_tileSize64_20260906_124815.log,tile,tileSize64,4096,4096,5,1234,not graded,naive (ref),yes,222.759,3.77,1.00,72532465267,17873664976,112062296,1.544995,37905679948,9387518813,79867109,2.106996,4.879973,2.496753,substituted from dedicated naive baseline log
profile_tile_tileSize64_20260906_124815.log,tile,tileSize64,4096,4096,5,1234,not graded,tile,yes,229.256,3.66,0.97,72532465267,17873664976,112062296,1.544995,34626785319,8486146163,32195187,0.929777,4.879973,2.383221,isolated (naive baseline subtracted)
profile_tile_tileSize8_20260906_124456.log,tile,tileSize8,512,512,3,1234,not graded,naive (ref),yes,0.993,4.75,1.00,522090460,108728002,927770,1.777029,278490924,56783492,549211,1.972097,0.025579,0.014643,substituted from dedicated naive baseline log
profile_tile_tileSize8_20260906_124456.log,tile,tileSize8,512,512,3,1234,not graded,tile,yes,1.072,4.40,0.93,522090460,108728002,927770,1.777029,243599536,51944510,378559,1.554022,0.025579,0.010936,isolated (naive baseline subtracted)
profile_tile_tileSize8_20260906_124456.log,tile,tileSize8,512,512,5,1234,not graded,naive (ref),yes,3.184,4.12,1.00,1138858223,284950053,989205,0.868594,601553639,149091692,560303,0.931426,0.073368,0.036723,substituted from dedicated naive baseline log
profile_tile_tileSize8_20260906_124456.log,tile,tileSize8,512,512,5,1234,not graded,tile,yes,3.401,3.85,0.94,1138858223,284950053,989205,0.868594,537304584,135858361,428902,0.798247,0.073368,0.036645,isolated (naive baseline subtracted)
profile_tile_tileSize8_20260906_124456.log,tile,tileSize8,1024,1024,3,1234,not graded,naive (ref),yes,4.647,4.06,1.00,2062170822,428156406,4031206,1.954836,1087588944,220339456,2140651,1.968254,0.115108,0.056068,substituted from dedicated naive baseline log
profile_tile_tileSize8_20260906_124456.log,tile,tileSize8,1024,1024,3,1234,not graded,tile,yes,5.119,3.69,0.91,2062170822,428156406,4031206,1.954836,974581878,207816950,1890555,1.939863,0.115108,0.059040,isolated (naive baseline subtracted)
profile_tile_tileSize8_20260906_124456.log,tile,tileSize8,1024,1024,5,1234,not graded,naive (ref),yes,15.231,3.44,1.00,4529872118,1133218557,4618573,1.019581,2380191527,589660167,2223300,0.934084,0.336554,0.157320,substituted from dedicated naive baseline log
profile_tile_tileSize8_20260906_124456.log,tile,tileSize8,1024,1024,5,1234,not graded,tile,yes,15.729,3.33,0.97,4529872118,1133218557,4618573,1.019581,2149680591,543558390,2395273,1.114246,0.336554,0.179234,isolated (naive baseline subtracted)
profile_tile_tileSize8_20260906_124456.log,tile,tileSize8,2048,2048,3,1234,not graded,naive (ref),yes,21.000,3.60,1.00,8213843710,1703391766,16281824,1.982242,4316227905,872280611,8641767,2.002157,0.486743,0.263616,substituted from dedicated naive baseline log
profile_tile_tileSize8_20260906_124456.log,tile,tileSize8,2048,2048,3,1234,not graded,tile,yes,21.035,3.59,1.00,8213843710,1703391766,16281824,1.982242,3897615805,831111155,7640057,1.960187,0.486743,0.223126,isolated (naive baseline subtracted)
profile_tile_tileSize8_20260906_124456.log,tile,tileSize8,2048,2048,5,1234,not graded,naive (ref),yes,56.527,3.71,1.00,18084032739,4523383469,22818511,1.261804,9486414542,2349447435,13492458,1.422293,1.244297,0.650540,substituted from dedicated naive baseline log
profile_tile_tileSize8_20260906_124456.log,tile,tileSize8,2048,2048,5,1234,not graded,tile,yes,58.775,3.57,0.96,18084032739,4523383469,22818511,1.261804,8597618197,2173936034,9326053,1.084725,1.244297,0.593757,isolated (naive baseline subtracted)
profile_tile_tileSize8_20260906_124456.log,tile,tileSize8,4096,4096,3,1234,not graded,naive (ref),yes,82.764,3.65,1.00,32817414844,6803810316,85486461,2.604911,17227392632,3479485120,56241129,3.264634,1.862133,1.022770,substituted from dedicated naive baseline log
profile_tile_tileSize8_20260906_124456.log,tile,tileSize8,4096,4096,3,1234,not graded,tile,yes,82.181,3.67,1.01,32817414844,6803810316,85486461,2.604911,15590022212,3324325196,29245332,1.875901,1.862133,0.839362,isolated (naive baseline subtracted)
profile_tile_tileSize8_20260906_124456.log,tile,tileSize8,4096,4096,5,1234,not graded,naive (ref),yes,227.011,3.70,1.00,72296541839,18083441630,115580652,1.598702,37905679948,9387518813,79867109,2.106996,4.980567,2.496753,substituted from dedicated naive baseline log
profile_tile_tileSize8_20260906_124456.log,tile,tileSize8,4096,4096,5,1234,not graded,tile,yes,232.968,3.60,0.97,72296541839,18083441630,115580652,1.598702,34390861891,8695922817,35713543,1.038460,4.980567,2.483815,isolated (naive baseline subtracted)
profile_unroll_unrolling8combo_20260906_122117.log,unroll,unrolling8combo,512,512,3,1234,not graded,naive (ref),yes,1.007,4.68,1.00,338157478,84745162,908226,2.685808,278490924,56783492,549211,1.972097,0.018132,0.014643,substituted from dedicated naive baseline log
profile_unroll_unrolling8combo_20260906_122117.log,unroll,unrolling8combo,512,512,3,1234,not graded,unroll,yes,0.334,14.14,3.02,338157478,84745162,908226,2.685808,59666554,27961670,359015,6.017023,0.018132,0.003490,isolated (naive baseline subtracted)
profile_unroll_unrolling8combo_20260906_122117.log,unroll,unrolling8combo,512,512,5,1234,not graded,naive (ref),yes,3.047,4.30,1.00,735116696,224203176,921630,1.253719,601553639,149091692,560303,0.931426,0.046523,0.036723,substituted from dedicated naive baseline log
profile_unroll_unrolling8combo_20260906_122117.log,unroll,unrolling8combo,512,512,5,1234,not graded,unroll,yes,0.897,14.62,3.40,735116696,224203176,921630,1.253719,133563057,75111484,361327,2.705291,0.046523,0.009799,isolated (naive baseline subtracted)
profile_unroll_unrolling8combo_20260906_122117.log,unroll,unrolling8combo,1024,1024,3,1234,not graded,naive (ref),yes,4.482,4.21,1.00,1325854282,332109989,3582475,2.702013,1087588944,220339456,2140651,1.968254,0.073399,0.056068,substituted from dedicated naive baseline log
profile_unroll_unrolling8combo_20260906_122117.log,unroll,unrolling8combo,1024,1024,3,1234,not graded,unroll,yes,1.397,13.51,3.21,1325854282,332109989,3582475,2.702013,238265338,111770533,1441824,6.051338,0.073399,0.017331,isolated (naive baseline subtracted)
profile_unroll_unrolling8combo_20260906_122117.log,unroll,unrolling8combo,1024,1024,5,1234,not graded,naive (ref),yes,13.267,3.95,1.00,2914499777,890136663,3698677,1.269061,2380191527,589660167,2223300,0.934084,0.193503,0.157320,substituted from dedicated naive baseline log
profile_unroll_unrolling8combo_20260906_122117.log,unroll,unrolling8combo,1024,1024,5,1234,not graded,unroll,yes,3.743,14.01,3.54,2914499777,890136663,3698677,1.269061,534308250,300476496,1475377,2.761284,0.193503,0.036183,isolated (naive baseline subtracted)
profile_unroll_unrolling8combo_20260906_122117.log,unroll,unrolling8combo,2048,2048,3,1234,not graded,naive (ref),yes,20.672,3.65,1.00,5268356078,1319198680,14577882,2.767065,4316227905,872280611,8641767,2.002157,0.320054,0.263616,substituted from dedicated naive baseline log
profile_unroll_unrolling8combo_20260906_122117.log,unroll,unrolling8combo,2048,2048,3,1234,not graded,unroll,yes,6.618,11.41,3.12,5268356078,1319198680,14577882,2.767065,952128173,446918069,5936115,6.234576,0.320054,0.056437,isolated (naive baseline subtracted)
profile_unroll_unrolling8combo_20260906_122117.log,unroll,unrolling8combo,2048,2048,5,1234,not graded,naive (ref),yes,54.579,3.84,1.00,11623689847,3551418304,24279846,2.088824,9486414542,2349447435,13492458,1.422293,0.822114,0.650540,substituted from dedicated naive baseline log
profile_unroll_unrolling8combo_20260906_122117.log,unroll,unrolling8combo,2048,2048,5,1234,not graded,unroll,yes,17.498,11.99,3.12,11623689847,3551418304,24279846,2.088824,2137275305,1201970869,10787388,5.047262,0.822114,0.171574,isolated (naive baseline subtracted)
profile_unroll_unrolling8combo_20260906_122117.log,unroll,unrolling8combo,4096,4096,3,1234,not graded,naive (ref),yes,79.546,3.80,1.00,21219828111,5315236427,98412690,4.637770,17227392632,3479485120,56241129,3.264634,1.286149,1.022770,substituted from dedicated naive baseline log
profile_unroll_unrolling8combo_20260906_122117.log,unroll,unrolling8combo,4096,4096,3,1234,not graded,unroll,yes,24.420,12.37,3.26,21219828111,5315236427,98412690,4.637770,3992435479,1835751307,42171561,10.562866,1.286149,0.263378,isolated (naive baseline subtracted)
profile_unroll_unrolling8combo_20260906_122117.log,unroll,unrolling8combo,4096,4096,5,1234,not graded,naive (ref),yes,218.523,3.84,1.00,46568505619,14225264546,144324501,3.099187,37905679948,9387518813,79867109,2.106996,3.178908,2.496753,substituted from dedicated naive baseline log
profile_unroll_unrolling8combo_20260906_122117.log,unroll,unrolling8combo,4096,4096,5,1234,not graded,unroll,yes,61.804,13.57,3.54,46568505619,14225264546,144324501,3.099187,8662825671,4837745733,64457392,7.440689,3.178908,0.682156,isolated (naive baseline subtracted)
profile_unroll_unrolling8combo_16acc_20260906_122712.log,unroll,unrolling8combo_16acc,512,512,3,1234,not graded,naive (ref),yes,0.990,4.77,1.00,323933778,83122024,913069,2.818690,278490924,56783492,549211,1.972097,0.018070,0.014643,substituted from dedicated naive baseline log
profile_unroll_unrolling8combo_16acc_20260906_122712.log,unroll,unrolling8combo_16acc,512,512,3,1234,not graded,unroll,yes,0.311,15.16,3.18,323933778,83122024,913069,2.818690,45442854,26338532,363858,8.006935,0.018070,0.003427,isolated (naive baseline subtracted)
profile_unroll_unrolling8combo_16acc_20260906_122712.log,unroll,unrolling8combo_16acc,512,512,5,1234,not graded,naive (ref),yes,3.082,4.25,1.00,704842824,219951921,925065,1.312442,601553639,149091692,560303,0.931426,0.046408,0.036723,substituted from dedicated naive baseline log
profile_unroll_unrolling8combo_16acc_20260906_122712.log,unroll,unrolling8combo_16acc,512,512,5,1234,not graded,unroll,yes,0.850,15.43,3.63,704842824,219951921,925065,1.312442,103289185,70860229,364762,3.531464,0.046408,0.009684,isolated (naive baseline subtracted)
profile_unroll_unrolling8combo_16acc_20260906_122712.log,unroll,unrolling8combo_16acc,1024,1024,3,1234,not graded,naive (ref),yes,4.678,4.03,1.00,1268661264,325533826,3590488,2.830139,1087588944,220339456,2140651,1.968254,0.073721,0.056068,substituted from dedicated naive baseline log
profile_unroll_unrolling8combo_16acc_20260906_122712.log,unroll,unrolling8combo_16acc,1024,1024,3,1234,not graded,unroll,yes,1.303,14.49,3.59,1268661264,325533826,3590488,2.830139,181072320,105194370,1449837,8.006950,0.073721,0.017653,isolated (naive baseline subtracted)
profile_unroll_unrolling8combo_16acc_20260906_122712.log,unroll,unrolling8combo_16acc,1024,1024,5,1234,not graded,naive (ref),yes,13.647,3.84,1.00,2793639763,873183966,3696645,1.323236,2380191527,589660167,2223300,0.934084,0.194522,0.157320,substituted from dedicated naive baseline log
profile_unroll_unrolling8combo_16acc_20260906_122712.log,unroll,unrolling8combo_16acc,1024,1024,5,1234,not graded,unroll,yes,3.404,15.40,4.01,2793639763,873183966,3696645,1.323236,413448236,283523799,1473345,3.563554,0.194522,0.037202,isolated (naive baseline subtracted)
profile_unroll_unrolling8combo_16acc_20260906_122712.log,unroll,unrolling8combo_16acc,2048,2048,3,1234,not graded,naive (ref),yes,20.770,3.63,1.00,5040414312,1293038760,14508548,2.878444,4316227905,872280611,8641767,2.002157,0.329539,0.263616,substituted from dedicated naive baseline log
profile_unroll_unrolling8combo_16acc_20260906_122712.log,unroll,unrolling8combo_16acc,2048,2048,3,1234,not graded,unroll,yes,5.534,13.64,3.75,5040414312,1293038760,14508548,2.878444,724186407,420758149,5866781,8.101203,0.329539,0.065923,isolated (naive baseline subtracted)
profile_unroll_unrolling8combo_16acc_20260906_122712.log,unroll,unrolling8combo_16acc,2048,2048,5,1234,not graded,naive (ref),yes,55.847,3.76,1.00,11138791100,3483297565,22283268,2.000510,9486414542,2349447435,13492458,1.422293,0.789761,0.650540,substituted from dedicated naive baseline log
profile_unroll_unrolling8combo_16acc_20260906_122712.log,unroll,unrolling8combo_16acc,2048,2048,5,1234,not graded,unroll,yes,14.263,14.70,3.92,11138791100,3483297565,22283268,2.000510,1652376558,1133850130,8790810,5.320101,0.789761,0.139221,isolated (naive baseline subtracted)
profile_unroll_unrolling8combo_16acc_20260906_122712.log,unroll,unrolling8combo_16acc,4096,4096,3,1234,not graded,naive (ref),yes,81.987,3.68,1.00,20289126366,5205770271,98377791,4.848794,17227392632,3479485120,56241129,3.264634,1.287718,1.022770,substituted from dedicated naive baseline log
profile_unroll_unrolling8combo_16acc_20260906_122712.log,unroll,unrolling8combo_16acc,4096,4096,3,1234,not graded,unroll,yes,22.584,13.37,3.63,20289126366,5205770271,98377791,4.848794,3061733734,1726285151,42136662,13.762354,1.287718,0.264948,isolated (naive baseline subtracted)
profile_unroll_unrolling8combo_16acc_20260906_122712.log,unroll,unrolling8combo_16acc,4096,4096,5,1234,not graded,naive (ref),yes,223.366,3.76,1.00,44543912309,13930584428,144904272,3.253066,37905679948,9387518813,79867109,2.106996,3.161484,2.496753,substituted from dedicated naive baseline log
profile_unroll_unrolling8combo_16acc_20260906_122712.log,unroll,unrolling8combo_16acc,4096,4096,5,1234,not graded,unroll,yes,57.133,14.68,3.91,44543912309,13930584428,144904272,3.253066,6638232361,4543065615,65037163,9.797362,3.161484,0.664731,isolated (naive baseline subtracted)
